n,d,outlier_fraction,outlier_mag,trial,s,true_cv,true_M,cv_hat,pilot_cv,M_hat,cv_rel_error,M_rel_error
1000,3,0.0,2.0,0,10,0.617599978331471,6.544485015745742,0.8946004451592805,0.8946004451592805,3.363534535097351,0.4485111343043816,0.48605054072171683
1000,3,0.0,2.0,0,30,0.617599978331471,6.544485015745742,0.7419735570628472,0.7419735570628472,4.315896586469448,0.20138209698029474,0.3405292278788032
1000,3,0.0,2.0,0,50,0.617599978331471,6.544485015745742,0.464734333673586,0.464734333673586,2.2844924880177095,0.24751562503430125,0.6509286089705574
1000,3,0.0,2.0,0,100,0.617599978331471,6.544485015745742,0.6065919156816926,0.6065919156816926,3.5556777018735795,0.01782393626294829,0.45669098587302503
1000,3,0.0,2.0,1,10,0.7016203194983847,6.4257658382788225,0.24878516889886465,0.24878516889886465,1.476298549741618,0.6454133924218005,0.770253291685921
1000,3,0.0,2.0,1,30,0.7016203194983847,6.4257658382788225,0.5730020595649226,0.5730020595649226,2.7716423610241225,0.18331604196613951,0.568667388326973
1000,3,0.0,2.0,1,50,0.7016203194983847,6.4257658382788225,0.6804271267655444,0.6804271267655444,3.831501893459442,0.030206070354393513,0.40372836640967125
1000,3,0.0,2.0,1,100,0.7016203194983847,6.4257658382788225,0.7496420574283312,0.7496420574283312,5.348910416744005,0.06844405242464922,0.16758398121511064
1000,3,0.0,2.0,2,10,0.633503586176026,5.578210996800821,0.734223169738365,0.734223169738365,2.5625469572053112,0.1589881821669009,0.5406149106451932
1000,3,0.0,2.0,2,30,0.633503586176026,5.578210996800821,0.87811438944256,0.87811438944256,4.893339900550778,0.3861237862015295,0.12277611883860715
1000,3,0.0,2.0,2,50,0.633503586176026,5.578210996800821,0.526277283683598,0.526277283683598,3.1351511188367356,0.16925918784401942,0.43796476672632373
1000,3,0.0,2.0,2,100,0.633503586176026,5.578210996800821,0.5954586451804175,0.5954586451804175,3.507687756379261,0.06005481551455228,0.3711805167658651
1000,3,0.0,5.0,0,10,0.6607087487078306,6.077985671873188,0.42448585719884185,0.42448585719884185,1.6848319649093508,0.3575295347170405,0.7227976412142317
1000,3,0.0,5.0,0,30,0.6607087487078306,6.077985671873188,0.34705814058851936,0.34705814058851936,1.847362597601283,0.4747184122092039,0.6960567699015421
1000,3,0.0,5.0,0,50,0.6607087487078306,6.077985671873188,0.7895892076913172,0.7895892076913172,3.7038903288767786,0.1950639510004103,0.3906056169205696
1000,3,0.0,5.0,0,100,0.6607087487078306,6.077985671873188,0.8158070766530786,0.8158070766530786,6.064604563709933,0.23474538251321606,0.002201569547157414
1000,3,0.0,5.0,1,10,0.6504739835154975,5.5695015501111715,0.47371112117595493,0.47371112117595493,2.0895004352485667,0.27174470742738194,0.6248316987708068
1000,3,0.0,5.0,1,30,0.6504739835154975,5.5695015501111715,0.5267961903945575,0.5267961903945575,2.4855916532928477,0.19013488049517566,0.5537138052788165
1000,3,0.0,5.0,1,50,0.6504739835154975,5.5695015501111715,0.9063406397275667,0.9063406397275667,6.281818319837661,0.39335417356622576,0.12789596399560582
1000,3,0.0,5.0,1,100,0.6504739835154975,5.5695015501111715,0.7422144069751186,0.7422144069751186,5.315640254909097,0.14103626860494642,0.045580613079640425
1000,3,0.0,5.0,2,10,0.6694892343956219,5.3838442549691585,0.762500259183755,0.762500259183755,2.9769496948380407,0.1389283352287185,0.44705872721143675
1000,3,0.0,5.0,2,30,0.6694892343956219,5.3838442549691585,0.5830714176356607,0.5830714176356607,2.876625747618171,0.12908021865052757,0.46569298601772985
1000,3,0.0,5.0,2,50,0.6694892343956219,5.3838442549691585,0.5956778757329796,0.5956778757329796,3.0676176682540066,0.11025025477709909,0.4302179775310793
1000,3,0.0,5.0,2,100,0.6694892343956219,5.3838442549691585,0.6857981204591158,0.6857981204591158,3.4236982810782766,0.02436019165896919,0.3640792491502172
1000,3,0.0,10.0,0,10,0.6398166324088268,6.140337691272391,0.5217964431176154,0.5217964431176154,2.0762897219575898,0.18445939557226051,0.6618606620107005
1000,3,0.0,10.0,0,30,0.6398166324088268,6.140337691272391,0.6293689128660025,0.6293689128660025,3.0644909481490292,0.016329240306695365,0.5009246881478907
1000,3,0.0,10.0,0,50,0.6398166324088268,6.140337691272391,0.8077384755731173,0.8077384755731173,5.113931123751959,0.2624530758634493,0.16715799995484318
1000,3,0.0,10.0,0,100,0.6398166324088268,6.140337691272391,0.5949990349915365,0.5949990349915365,3.8552173262924128,0.07004756542285849,0.37214897288596177
1000,3,0.0,10.0,1,10,0.6645481406412764,5.726033896808133,0.3476831496102926,0.3476831496102926,1.823290392097781,0.4768126967072921,0.6815788336296543
1000,3,0.0,10.0,1,30,0.6645481406412764,5.726033896808133,0.5588090133665011,0.5588090133665011,2.8477379625080057,0.1591143226625223,0.5026683366133368
1000,3,0.0,10.0,1,50,0.6645481406412764,5.726033896808133,0.824057454535225,0.824057454535225,5.448720122446618,0.24002672513691053,0.04843034102821118
1000,3,0.0,10.0,1,100,0.6645481406412764,5.726033896808133,0.759939338448,0.759939338448,5.614155877035892,0.14354294591009292,0.01953848366748316
1000,3,0.0,10.0,2,10,0.6625855174916219,6.889022080403152,0.3255051227542786,0.3255051227542786,1.4916970964955731,0.5087349267962312,0.7834675111959755
1000,3,0.0,10.0,2,30,0.6625855174916219,6.889022080403152,0.6064770223419863,0.6064770223419863,3.143623631790097,0.0846811372546262,0.543676359997074
1000,3,0.0,10.0,2,50,0.6625855174916219,6.889022080403152,0.4865010669146212,0.4865010669146212,2.408214551850264,0.2657535456609602,0.6504272270079104
1000,3,0.0,10.0,2,100,0.6625855174916219,6.889022080403152,0.5657498230582356,0.5657498230582356,3.2458803153909757,0.14614822068550676,0.5288329348479859
1000,3,0.01,2.0,0,10,0.6194948810036581,4.431036671722072,0.5694757730789847,0.5694757730789847,1.8467279299263712,0.0807417614874175,0.5832289220913487
1000,3,0.01,2.0,0,30,0.6194948810036581,4.431036671722072,0.7572266643118983,0.7572266643118983,3.3332537040137393,0.2223291709611833,0.24774856292978772
1000,3,0.01,2.0,0,50,0.6194948810036581,4.431036671722072,0.6486310158721389,0.6486310158721389,3.1927793681559797,0.04703208333421034,0.27945092656722653
1000,3,0.01,2.0,0,100,0.6194948810036581,4.431036671722072,0.6149352433099128,0.6149352433099128,4.159881783422331,0.007360250800391068,0.06119445817954834
1000,3,0.01,2.0,1,10,0.6419604984348997,5.780451621515172,0.4000804235725638,0.4000804235725638,1.5824568921181699,0.37678342429485884,0.7262399210767244
1000,3,0.01,2.0,1,30,0.6419604984348997,5.780451621515172,0.8190352644248491,0.8190352644248491,4.784801304414169,0.27583436429758196,0.17224438197789516
1000,3,0.01,2.0,1,50,0.6419604984348997,5.780451621515172,0.6079339961629042,0.6079339961629042,2.8724454607383425,0.05300404363656656,0.5030759447848442
1000,3,0.01,2.0,1,100,0.6419604984348997,5.780451621515172,0.6955597718399543,0.6955597718399543,5.877067224240258,0.08349310204557717,0.016714196234335208
1000,3,0.01,2.0,2,10,0.6478534945181104,7.295799872829969,0.2930991569586942,0.2930991569586942,1.4670815443760894,0.5475842000717945,0.7989142287414439
1000,3,0.01,2.0,2,30,0.6478534945181104,7.295799872829969,0.6923925950163718,0.6923925950163718,2.5668647461693066,0.06874872309115317,0.6481722647398159
1000,3,0.01,2.0,2,50,0.6478534945181104,7.295799872829969,0.4564407852940977,0.4564407852940977,2.9866509696253263,0.295456782812278,0.590634197526743
1000,3,0.01,2.0,2,100,0.6478534945181104,7.295799872829969,0.6771914426858274,0.6771914426858274,3.5602580228688057,0.04528484976304614,0.5120126531804364
1000,3,0.01,5.0,0,10,0.9275708025452007,9.067911114745035,0.6433359387601794,0.6433359387601794,2.338737415780496,0.3064292914407152,0.7420864203247922
1000,3,0.01,5.0,0,30,0.9275708025452007,9.067911114745035,0.9650168207278521,0.9650168207278521,5.376662382998808,0.040369983703563816,0.40706714975889075
1000,3,0.01,5.0,0,50,0.9275708025452007,9.067911114745035,0.9027608919027161,0.9027608919027161,5.3657473653594465,0.02674718800377033,0.4082708467847265
1000,3,0.01,5.0,0,100,0.9275708025452007,9.067911114745035,0.8825395035032886,0.8825395035032886,7.624389163772475,0.04854755983947412,0.15919013019716258
1000,3,0.01,5.0,1,10,0.8826442516694574,9.20078801072338,0.6314479749381614,0.6314479749381614,2.5605959455384,0.28459515400024016,0.7216981912251359
1000,3,0.01,5.0,1,30,0.8826442516694574,9.20078801072338,1.4275814868735839,1.4275814868735839,8.281535901102949,0.6173917001933875,0.09991014992944706
1000,3,0.01,5.0,1,50,0.8826442516694574,9.20078801072338,0.4486898995644034,0.4486898995644034,2.3707168375540313,0.49165261234552976,0.7423354570509617
1000,3,0.01,5.0,1,100,0.8826442516694574,9.20078801072338,0.6438775299722396,0.6438775299722396,3.24174018939743,0.27051297421991694,0.6476671144233266
1000,3,0.01,5.0,2,10,0.8944373892679047,9.492564196854993,0.5488544911825459,0.5488544911825459,2.1424961088252172,0.38636902060659356,0.7742974327700567
1000,3,0.01,5.0,2,30,0.8944373892679047,9.492564196854993,0.6002270502618523,0.6002270502618523,2.614696977924957,0.328933408348306,0.7245531424700568
1000,3,0.01,5.0,2,50,0.8944373892679047,9.492564196854993,0.5146274448116858,0.5146274448116858,3.1686637139827165,0.4246355854679696,0.6661951767434414
1000,3,0.01,5.0,2,100,0.8944373892679047,9.492564196854993,0.9420070013003938,0.9420070013003938,8.520121476672722,0.05318383668131846,0.10244257505305605
1000,3,0.01,10.0,0,10,2.1600848596659037,23.591190740265375,0.3763021028772105,0.3763021028772105,1.3933132966465893,0.8257929075363213,0.9409392551657646
1000,3,0.01,10.0,0,30,2.1600848596659037,23.591190740265375,2.54792258549725,2.54792258549725,14.335209907361383,0.17954744884019624,0.39234903124690146
1000,3,0.01,10.0,0,50,2.1600848596659037,23.591190740265375,2.5873533447759027,2.5873533447759027,18.77121713794325,0.1978017128345985,0.2043124340517246
1000,3,0.01,10.0,0,100,2.1600848596659037,23.591190740265375,2.1654358330575296,2.1654358330575296,21.934835441815693,0.002477205174454841,0.07021075437377648
1000,3,0.01,10.0,1,10,2.186629044024305,23.67565527185168,0.4057483567119252,0.4057483567119252,1.642500717685829,0.8144411564363108,0.930624909898962
1000,3,0.01,10.0,1,30,2.186629044024305,23.67565527185168,0.5294966813354508,0.5294966813354508,2.7113481216081134,0.7578479610967953,0.8854794897765016
1000,3,0.01,10.0,1,50,2.186629044024305,23.67565527185168,2.7014401817565594,2.7014401817565594,14.451985115248785,0.23543597353156356,0.38958457752039694
1000,3,0.01,10.0,1,100,2.186629044024305,23.67565527185168,2.2720707572057846,2.2720707572057846,22.92672551966188,0.03907462649642269,0.03163290492239155
1000,3,0.01,10.0,2,10,2.202788337834508,23.474969597415352,0.47937948909994815,0.47937948909994815,1.9981028615666117,0.7823760545367645,0.9148836869298179
1000,3,0.01,10.0,2,30,2.202788337834508,23.474969597415352,0.6493188857736087,0.6493188857736087,3.3249090438267057,0.7052286528755033,0.858363648564947
1000,3,0.01,10.0,2,50,2.202788337834508,23.474969597415352,2.603181903613991,2.603181903613991,13.684813875078687,0.18176669946105553,0.4170465772792559
1000,3,0.01,10.0,2,100,2.202788337834508,23.474969597415352,0.45676890870297265,0.45676890870297265,2.5529941047553226,0.7926405815494703,0.8912461166707364
1000,3,0.02,2.0,0,10,0.668926440883736,6.047119721303887,0.6475389832762819,0.6475389832762819,2.4964470620213217,0.031972809415634046,0.5871675810838693
1000,3,0.02,2.0,0,30,0.668926440883736,6.047119721303887,0.5927690422775308,0.5927690422775308,2.7262137057083673,0.11385018434252903,0.5491715343250162
1000,3,0.02,2.0,0,50,0.668926440883736,6.047119721303887,0.6220559583466754,0.6220559583466754,3.149169123935581,0.07006821628270338,0.47922824930336366
1000,3,0.02,2.0,0,100,0.668926440883736,6.047119721303887,0.651733768920352,0.651733768920352,4.272649224870613,0.025701887251863374,0.2934406094494621
1000,3,0.02,2.0,1,10,0.6096939094021688,4.754850690421404,0.9348236608401902,0.9348236608401902,2.907253767406618,0.5332671795209913,0.3885709653799961
1000,3,0.02,2.0,1,30,0.6096939094021688,4.754850690421404,0.5439078709899232,0.5439078709899232,2.843563080866283,0.10790010757488404,0.4019658521360911
1000,3,0.02,2.0,1,50,0.6096939094021688,4.754850690421404,0.5946229379127811,0.5946229379127811,2.5655283270014135,0.024718914289574383,0.4604397710805845
1000,3,0.02,2.0,1,100,0.6096939094021688,4.754850690421404,0.6095633664063504,0.6095633664063504,3.610507556702975,0.0002141123501567967,0.24066857367860067
1000,3,0.02,2.0,2,10,0.619980694353103,5.711189635441723,1.2165399812916096,1.2165399812916096,4.351960795142196,0.9622223601026244,0.23799399548293937
1000,3,0.02,2.0,2,30,0.619980694353103,5.711189635441723,0.7726371763213454,0.7726371763213454,4.109151862928832,0.24622779928256713,0.28050859361615016
1000,3,0.02,2.0,2,50,0.619980694353103,5.711189635441723,0.5616209210534622,0.5616209210534622,3.068446994112443,0.09413159769520608,0.4627306760975521
1000,3,0.02,2.0,2,100,0.619980694353103,5.711189635441723,0.5579187797664946,0.5579187797664946,2.822862589292165,0.1001029792570633,0.5057312452427725
1000,3,0.02,5.0,0,10,1.0363964890753734,8.83629684462703,0.8772679801502781,0.8772679801502781,2.380763530549655,0.15354018525001245,0.7305699918855381
1000,3,0.02,5.0,0,30,1.0363964890753734,8.83629684462703,1.2092884994701962,1.2092884994701962,7.173937325406862,0.1668203358630338,0.18812852809839423
1000,3,0.02,5.0,0,50,1.0363964890753734,8.83629684462703,0.7191052179197865,0.7191052179197865,4.967978820742869,0.306148539193393,0.43777592490414335
1000,3,0.02,5.0,0,100,1.0363964890753734,8.83629684462703,1.2590902587773922,1.2590902587773922,6.9246592688462565,0.21487314174587396,0.21633922098748393
1000,3,0.02,5.0,1,10,1.0808453099122093,9.327938871539764,0.6586592819361979,0.6586592819361979,2.2832426414258413,0.3906072627639038,0.7552253854930177
1000,3,0.02,5.0,1,30,1.0808453099122093,9.327938871539764,1.6661873831338971,1.6661873831338971,9.558732324814516,0.5415595255432359,0.024742170425121387
1000,3,0.02,5.0,1,50,1.0808453099122093,9.327938871539764,0.6424909241338203,0.6424909241338203,3.2190297917521216,0.4055662561129992,0.6549044932558873
1000,3,0.02,5.0,1,100,1.0808453099122093,9.327938871539764,1.211798564881424,1.211798564881424,9.341271386453363,0.12115818403269131,0.0014293098504618849
1000,3,0.02,5.0,2,10,1.0555990939448983,9.079803243418585,1.4964903426068976,1.4964903426068976,5.204875367106968,0.4176692185423699,0.4267634190333721
1000,3,0.02,5.0,2,30,1.0555990939448983,9.079803243418585,1.0769539361984184,1.0769539361984184,5.440798800803144,0.02023006876002003,0.4007800989799136
1000,3,0.02,5.0,2,50,1.0555990939448983,9.079803243418585,1.0346600837545479,1.0346600837545479,7.545393164529355,0.01983613884329782,0.16899155606719046
1000,3,0.02,5.0,2,100,1.0555990939448983,9.079803243418585,1.3092415085117501,1.3092415085117501,9.067336942852021,0.24028290287647017,0.0013729703422372718
1000,3,0.02,10.0,0,10,2.4223349633420703,19.324723385669508,2.1147316342463447,2.1147316342463447,6.967428701299954,0.1269862895721608,0.6394551910395395
1000,3,0.02,10.0,0,30,2.4223349633420703,19.324723385669508,0.8336096773644652,0.8336096773644652,3.7164581623735375,0.6558652333472731,0.8076837588718333
1000,3,0.02,10.0,0,50,2.4223349633420703,19.324723385669508,2.400386325179376,2.400386325179376,11.011378639159211,0.009060942642058064,0.4301921730313181
1000,3,0.02,10.0,0,100,2.4223349633420703,19.324723385669508,2.563089059397342,2.563089059397342,18.747968674587636,0.05810678464594946,0.02984543165619496
1000,3,0.02,10.0,1,10,2.4594205603819232,19.349043540692758,0.4058579587640288,0.4058579587640288,1.5796242029845176,0.8349782199507175,0.9183616389274007
1000,3,0.02,10.0,1,30,2.4594205603819232,19.349043540692758,0.601719506833396,0.601719506833396,2.7364451773989327,0.7553409463487794,0.8585746540058198
1000,3,0.02,10.0,1,50,2.4594205603819232,19.349043540692758,0.7256089813183916,0.7256089813183916,4.454680451280101,0.7049675061650652,0.7697725759978
1000,3,0.02,10.0,1,100,2.4594205603819232,19.349043540692758,2.238276895294976,2.238276895294976,22.61816796080354,0.08991697827093305,0.16895534982054913
1000,3,0.02,10.0,2,10,2.441556227376376,19.145175988469532,0.3535828536005383,0.3535828536005383,1.4817427734675022,0.8551813594805114,0.9226049019157669
1000,3,0.02,10.0,2,30,2.441556227376376,19.145175988469532,0.4985218326436594,0.4985218326436594,2.014245208239834,0.7958180003991322,0.8947909797510901
1000,3,0.02,10.0,2,50,2.441556227376376,19.145175988469532,2.5171272287125808,2.5171272287125808,18.193542613351944,0.030951980744433377,0.0497061701438902
1000,3,0.02,10.0,2,100,2.441556227376376,19.145175988469532,2.4968189263840497,2.4968189263840497,18.768651057041108,0.02263421107735764,0.019666830519353376
1000,3,0.05,2.0,0,10,0.6787566315775071,6.9795351614658365,0.3942391546516952,0.3942391546516952,1.6222547672427658,0.419174507753333,0.7675697980290622
1000,3,0.05,2.0,0,30,0.6787566315775071,6.9795351614658365,0.9226480133727056,0.9226480133727056,5.08649775167088,0.3593208087387189,0.2712268605288296
1000,3,0.05,2.0,0,50,0.6787566315775071,6.9795351614658365,0.5277054148710633,0.5277054148710633,2.5811994569820875,0.22254105474503247,0.6301760221464396
1000,3,0.05,2.0,0,100,0.6787566315775071,6.9795351614658365,0.7504505244897383,0.7504505244897383,5.211563515247912,0.10562532957594307,0.25330793603260776
1000,3,0.05,2.0,1,10,0.6273247767797993,5.416408240314115,0.37847740814174125,0.37847740814174125,1.7240218859428285,0.39668028085140866,0.6817038506974048
1000,3,0.05,2.0,1,30,0.6273247767797993,5.416408240314115,0.6583313673591535,0.6583313673591535,3.378320757416388,0.049426695273408726,0.3762802566705223
1000,3,0.05,2.0,1,50,0.6273247767797993,5.416408240314115,0.6121749895399757,0.6121749895399757,3.135253097135725,0.02414983083816779,0.4211564272795838
1000,3,0.05,2.0,1,100,0.6273247767797993,5.416408240314115,0.6863381393732528,0.6863381393732528,4.026469290893209,0.09407146788682984,0.2566163567723062
1000,3,0.05,2.0,2,10,0.6436184853347732,6.685255422490038,0.8915367934206792,0.8915367934206792,3.3014462157571733,0.38519451155439266,0.5061600481784594
1000,3,0.05,2.0,2,30,0.6436184853347732,6.685255422490038,0.6907963436306013,0.6907963436306013,3.496211694995211,0.07330096846315547,0.4770264598666618
1000,3,0.05,2.0,2,50,0.6436184853347732,6.685255422490038,0.6770049515333226,0.6770049515333226,3.317190084485748,0.0518730691539783,0.5038050343856266
1000,3,0.05,2.0,2,100,0.6436184853347732,6.685255422490038,0.6900025191169987,0.6900025191169987,5.8545536945628704,0.07206759103275173,0.12425878675219841
1000,3,0.05,5.0,0,10,1.322654341020879,7.809373922547658,1.3890773143759243,1.3890773143759243,4.899969851846404,0.05021944985549076,0.37255279354738813
1000,3,0.05,5.0,0,30,1.322654341020879,7.809373922547658,1.392153437293611,1.392153437293611,5.99590791417724,0.05254516929879784,0.23221656772439575
1000,3,0.05,5.0,0,50,1.322654341020879,7.809373922547658,1.4611981279489132,1.4611981279489132,6.832677539775844,0.10474678276192731,0.12506718111574114
1000,3,0.05,5.0,0,100,1.322654341020879,7.809373922547658,1.3489808149422011,1.3489808149422011,6.972030836766694,0.01990427362979974,0.10722281889503843
1000,3,0.05,5.0,1,10,1.2985808873964355,8.313744404611858,1.4227083229875734,1.4227083229875734,4.9163667730420695,0.09558698791571221,0.40864590805620293
1000,3,0.05,5.0,1,30,1.2985808873964355,8.313744404611858,1.4768907509951852,1.4768907509951852,6.19282440491638,0.13731132602471038,0.255110079944116
1000,3,0.05,5.0,1,50,1.2985808873964355,8.313744404611858,1.4228418306421722,1.4228418306421722,6.774264689892666,0.09568979834199719,0.18517284628875544
1000,3,0.05,5.0,1,100,1.2985808873964355,8.313744404611858,1.3086474287778833,1.3086474287778833,7.603733464462602,0.007751955599493319,0.08540206501361702
1000,3,0.05,5.0,2,10,1.208561744925839,7.712949719548932,1.0350056962558118,1.0350056962558118,3.681258476487301,0.14360544622457588,0.5227171691322022
1000,3,0.05,5.0,2,30,1.208561744925839,7.712949719548932,0.46986578645366833,0.46986578645366833,2.3475454521918095,0.6112190474120123,0.695635841338131
1000,3,0.05,5.0,2,50,1.208561744925839,7.712949719548932,1.220276258722295,1.220276258722295,5.56943384701986,0.009692937779670403,0.27791129859127733
1000,3,0.05,5.0,2,100,1.208561744925839,7.712949719548932,1.4301779753589572,1.4301779753589572,6.3473503390496155,0.18337187269378383,0.17705280471855311
1000,3,0.05,10.0,0,10,2.507398434602011,12.789785607408268,2.3991319006117466,2.3991319006117466,7.824413593061071,0.04317883129230282,0.38822949553361463
1000,3,0.05,10.0,0,30,2.507398434602011,12.789785607408268,2.6412014512184387,2.6412014512184387,14.79963645052844,0.05336328473765905,0.15714499873680451
1000,3,0.05,10.0,0,50,2.507398434602011,12.789785607408268,2.3831423099877327,2.3831423099877327,9.027684420786391,0.04955579572019675,0.294148885845494
1000,3,0.05,10.0,0,100,2.507398434602011,12.789785607408268,2.230261672677761,2.230261672677761,8.612500395636973,0.11052761224533457,0.32661104259258833
1000,3,0.05,10.0,1,10,2.520669114923294,12.78671987327333,2.5160605383472125,2.5160605383472125,8.15627462399505,0.0018283147711838856,0.3621292477797054
1000,3,0.05,10.0,1,30,2.520669114923294,12.78671987327333,2.5943986849279503,2.5943986849279503,14.653042713394994,0.029249999362530442,0.14595790465564448
1000,3,0.05,10.0,1,50,2.520669114923294,12.78671987327333,2.431395901318768,2.431395901318768,11.016578740107931,0.03541647456859591,0.138435904650209
1000,3,0.05,10.0,1,100,2.520669114923294,12.78671987327333,2.555120495385597,2.555120495385597,12.589534644459706,0.013667553689747817,0.01542109554036447
1000,3,0.05,10.0,2,10,2.49068495781207,12.596211278828237,0.4777545310982411,0.4777545310982411,2.0103691750973365,0.8081834759551758,0.8403989000663736
1000,3,0.05,10.0,2,30,2.49068495781207,12.596211278828237,2.5502486830420428,2.5502486830420428,10.307360503371342,0.023914596281296146,0.1817094620589609
1000,3,0.05,10.0,2,50,2.49068495781207,12.596211278828237,2.411903534753319,2.411903534753319,10.566087495933965,0.031630424719775105,0.16116939752404058
1000,3,0.05,10.0,2,100,2.49068495781207,12.596211278828237,2.213423785878395,2.213423785878395,8.933979984702635,0.11131924616320556,0.29074070075984637
1000,3,0.1,2.0,0,10,0.6524098435515786,7.086241475883487,0.5032083990005631,0.5032083990005631,2.042644629137122,0.22869281637259634,0.7117449869456428
1000,3,0.1,2.0,0,30,0.6524098435515786,7.086241475883487,0.6458970613640277,0.6458970613640277,3.6173438130773685,0.009982654694626818,0.48952574853845615
1000,3,0.1,2.0,0,50,0.6524098435515786,7.086241475883487,0.861683577314537,0.861683577314537,6.048372895770067,0.32077034985204594,0.14646249124385397
1000,3,0.1,2.0,0,100,0.6524098435515786,7.086241475883487,0.5099159981374136,0.5099159981374136,2.958808918869665,0.21841155038136642,0.5824572265933442
1000,3,0.1,2.0,1,10,0.581167313005821,6.085439413528287,0.6746934456747089,0.6746934456747089,2.641704907645223,0.16092806765949536,0.5658974269347652
1000,3,0.1,2.0,1,30,0.581167313005821,6.085439413528287,0.47952482291295273,0.47952482291295273,2.6426057247419314,0.1748936800439949,0.5657493986601421
1000,3,0.1,2.0,1,50,0.581167313005821,6.085439413528287,0.4558978238732586,0.4558978238732586,2.7010992983627014,0.21554806392097917,0.5561373444359663
1000,3,0.1,2.0,1,100,0.581167313005821,6.085439413528287,0.5037267673627901,0.5037267673627901,4.003248295226658,0.13325000203900883,0.3421595347203353
1000,3,0.1,2.0,2,10,0.6984683097008569,7.200833170425255,0.5811128209592172,0.5811128209592172,1.6582643252521247,0.168018344013204,0.7697121588564461
1000,3,0.1,2.0,2,30,0.6984683097008569,7.200833170425255,0.7131006305885091,0.7131006305885091,4.069121732681444,0.02094915500736032,0.43490959499050064
1000,3,0.1,2.0,2,50,0.6984683097008569,7.200833170425255,0.47310833200277536,0.47310833200277536,2.818870428370434,0.322648822527968,0.608535517813703
1000,3,0.1,2.0,2,100,0.6984683097008569,7.200833170425255,0.6808237503068347,0.6808237503068347,4.476219844088143,0.025261789474141063,0.3783747327361295
1000,3,0.1,5.0,0,10,1.3537758517722411,6.291632634044208,1.530560585789139,1.530560585789139,5.256351400931199,0.13058641412865146,0.16454890063209862
1000,3,0.1,5.0,0,30,1.3537758517722411,6.291632634044208,1.3715569718037113,1.3715569718037113,4.680670818060262,0.013134463883509745,0.2560482961555931
1000,3,0.1,5.0,0,50,1.3537758517722411,6.291632634044208,1.3184740639806656,1.3184740639806656,4.01863407278405,0.026076538258059223,0.36127324868920285
1000,3,0.1,5.0,0,100,1.3537758517722411,6.291632634044208,1.3659255988225956,1.3659255988225956,5.772616373540622,0.00897471101619155,0.08249309689430598
1000,3,0.1,5.0,1,10,1.367532997551312,6.235878482522877,1.5154801979891517,1.5154801979891517,5.1970044477795625,0.10818547026123113,0.16659626027911512
1000,3,0.1,5.0,1,30,1.367532997551312,6.235878482522877,1.3634313326718892,1.3634313326718892,5.019547527380772,0.002999316935508798,0.19505366542197414
1000,3,0.1,5.0,1,50,1.367532997551312,6.235878482522877,1.411533222332406,1.411533222332406,5.708852066076159,0.03217489074112308,0.084515183854817
1000,3,0.1,5.0,1,100,1.367532997551312,6.235878482522877,1.3390627326965934,1.3390627326965934,6.913907490766236,0.020818704123189063,0.10873031123740648
1000,3,0.1,5.0,2,10,1.3274574831627268,6.042607423381932,1.2978306125700927,1.2978306125700927,3.815102829781926,0.02231850810170341,0.36863301510878466
1000,3,0.1,5.0,2,30,1.3274574831627268,6.042607423381932,1.3233457297241074,1.3233457297241074,6.5970453066258985,0.0030974652602982307,0.09175474168627334
1000,3,0.1,5.0,2,50,1.3274574831627268,6.042607423381932,1.3536025456224343,1.3536025456224343,5.423961681734434,0.019695593110384,0.10238059471704912
1000,3,0.1,5.0,2,100,1.3274574831627268,6.042607423381932,1.4267521244069363,1.4267521244069363,6.299682246422176,0.07480061885495239,0.04254369099761314
1000,3,0.1,10.0,0,10,2.1745485439283283,8.206958182334139,2.188617895130275,2.188617895130275,7.205020408677404,0.006470010173481996,0.1220839379702766
1000,3,0.1,10.0,0,30,2.1745485439283283,8.206958182334139,2.0075973657624853,2.0075973657624853,6.256217591742828,0.07677509827591397,0.23769349706086854
1000,3,0.1,10.0,0,50,2.1745485439283283,8.206958182334139,2.4136854848419076,2.4136854848419076,10.813421671543772,0.1099708450203543,0.3175919057099824
1000,3,0.1,10.0,0,100,2.1745485439283283,8.206958182334139,2.13251301084276,2.13251301084276,7.716203111429911,0.01933069427350244,0.05979743773528681
1000,3,0.1,10.0,1,10,2.2071501455785794,8.244504029581895,0.5556218487602314,0.5556218487602314,1.9631458542144373,0.7482627768331631,0.761884299265241
1000,3,0.1,10.0,1,30,2.2071501455785794,8.244504029581895,2.1103255179771323,2.1103255179771323,7.559349514582634,0.04386861845144911,0.0831043944597365
1000,3,0.1,10.0,1,50,2.2071501455785794,8.244504029581895,2.1497641593926566,2.1497641593926566,7.013256961981355,0.0260000373336086,0.14934155689447584
1000,3,0.1,10.0,1,100,2.2071501455785794,8.244504029581895,2.0442158731005597,2.0442158731005597,6.7965748256145275,0.07382110945393261,0.17562356677516194
1000,3,0.1,10.0,2,10,2.2131805137021714,8.13937339152958,2.3439405703341443,2.3439405703341443,7.666705912782388,0.05908241818614227,0.058071728130703965
1000,3,0.1,10.0,2,30,2.2131805137021714,8.13937339152958,2.0338838285315255,2.0338838285315255,6.167653859898755,0.08101313203355537,0.2422446344190006
1000,3,0.1,10.0,2,50,2.2131805137021714,8.13937339152958,2.245512072080907,2.245512072080907,7.861200719290322,0.014608640451407242,0.03417617780365553
1000,3,0.1,10.0,2,100,2.2131805137021714,8.13937339152958,2.0944599436017426,2.0944599436017426,6.985126819607756,0.053642515540603154,0.1418102495608588
1000,3,0.2,2.0,0,10,0.596226390605092,7.59566327931635,0.3111844326606075,0.3111844326606075,1.512254321978088,0.4780767212521473,0.8009055606643217
1000,3,0.2,2.0,0,30,0.596226390605092,7.59566327931635,0.4141907953324392,0.4141907953324392,2.5235368897750248,0.30531287802928414,0.6677660927062373
1000,3,0.2,2.0,0,50,0.596226390605092,7.59566327931635,0.5663987027238,0.5663987027238,3.89844014288562,0.050027453248120676,0.48675448087576356
1000,3,0.2,2.0,0,100,0.596226390605092,7.59566327931635,0.453106566825699,0.453106566825699,2.7916996273759396,0.24004275227425784,0.6324613763516901
1000,3,0.2,2.0,1,10,0.5707637716995058,4.76013034379612,0.4409408152631983,0.4409408152631983,1.707955188298111,0.2274547945636892,0.6411957100031747
1000,3,0.2,2.0,1,30,0.5707637716995058,4.76013034379612,0.6669556592296434,0.6669556592296434,3.3559927353921597,0.16853187307897405,0.294978815072569
1000,3,0.2,2.0,1,50,0.5707637716995058,4.76013034379612,0.4905964496800421,0.4905964496800421,2.6246230286276586,0.1404562202340865,0.44862370585117883
1000,3,0.2,2.0,1,100,0.5707637716995058,4.76013034379612,0.5224913375984609,0.5224913375984609,3.0513812325311918,0.08457515437132407,0.3589710759689473
1000,3,0.2,2.0,2,10,0.6082008942884182,5.59710910895369,0.3617368842312127,0.3617368842312127,1.8625547221060026,0.4052345407113599,0.6672291560072545
1000,3,0.2,2.0,2,30,0.6082008942884182,5.59710910895369,0.6836439092602452,0.6836439092602452,3.7988842785745645,0.12404292016060536,0.32127743007591314
1000,3,0.2,2.0,2,50,0.6082008942884182,5.59710910895369,0.4899130280523809,0.4899130280523809,3.0619429570589887,0.1944881491409701,0.45294206393782793
1000,3,0.2,2.0,2,100,0.6082008942884182,5.59710910895369,0.5525026423098905,0.5525026423098905,3.7770323596400184,0.09157870779472195,0.3251815738953698
1000,3,0.2,5.0,0,10,1.2128763710131376,4.437108297044463,1.4765646428438342,1.4765646428438342,5.141441736605399,0.21740737814063682,0.1587370405248142
1000,3,0.2,5.0,0,30,1.2128763710131376,4.437108297044463,1.467543182196451,1.467543182196451,4.516341738224841,0.20996930707008965,0.017856999621387405
1000,3,0.2,5.0,0,50,1.2128763710131376,4.437108297044463,1.1698974118484917,1.1698974118484917,3.802747809071321,0.03543556473834575,0.14296709602415755
1000,3,0.2,5.0,0,100,1.2128763710131376,4.437108297044463,1.2586083378897293,1.2586083378897293,4.942625874310781,0.03770538199073901,0.11392951071377737
1000,3,0.2,5.0,1,10,1.222022170293529,4.453870144522961,1.2260283876230191,1.2260283876230191,3.5694516688504456,0.003278350775361011,0.19857302682255062
1000,3,0.2,5.0,1,30,1.222022170293529,4.453870144522961,1.2933748507443825,1.2933748507443825,5.186637836132071,0.05838902287158559,0.16452381138911598
1000,3,0.2,5.0,1,50,1.222022170293529,4.453870144522961,1.2755478126925273,1.2755478126925273,4.194349099744553,0.04380087669452137,0.05826865991985593
1000,3,0.2,5.0,1,100,1.222022170293529,4.453870144522961,1.2611500135636309,1.2611500135636309,4.5500779427347835,0.03201893077005583,0.021600943693908945
1000,3,0.2,5.0,2,10,1.2283430251331136,4.34226493758284,1.221479763654506,1.221479763654506,3.5260469610103975,0.005587414377074136,0.18797056105627616
1000,3,0.2,5.0,2,30,1.2283430251331136,4.34226493758284,1.1940145453506241,1.1940145453506241,3.3763407493210678,0.027946981486518644,0.22244708744083735
1000,3,0.2,5.0,2,50,1.2283430251331136,4.34226493758284,1.194111513610527,1.194111513610527,3.753839977962259,0.027868039156958634,0.13551106808976354
1000,3,0.2,5.0,2,100,1.2283430251331136,4.34226493758284,1.1959582420402726,1.1959582420402726,3.654348842968028,0.026364608607055424,0.15842333540287076
1000,3,0.2,10.0,0,10,1.6822322474532947,4.785774324099834,0.9741005482590389,0.9741005482590389,1.985069865972836,0.4209476427920612,0.5852144853599607
1000,3,0.2,10.0,0,30,1.6822322474532947,4.785774324099834,1.7489856990415276,1.7489856990415276,4.697531610823141,0.03968147185936418,0.01843854459085693
1000,3,0.2,10.0,0,50,1.6822322474532947,4.785774324099834,1.5738774839048937,1.5738774839048937,4.026816268914661,0.06441129856619834,0.15858626081954388
1000,3,0.2,10.0,0,100,1.6822322474532947,4.785774324099834,1.800415836524527,1.800415836524527,5.245458786786788,0.07025402660669992,0.0960522648074127
1000,3,0.2,10.0,1,10,1.6828609678688584,4.797205593998007,2.4172872998878003,2.4172872998878003,7.8634696737064065,0.4364153343867763,0.6391771250214366
1000,3,0.2,10.0,1,30,1.6828609678688584,4.797205593998007,1.7660236944778829,1.7660236944778829,4.65167084982337,0.04941746715674324,0.03033739983058511
1000,3,0.2,10.0,1,50,1.6828609678688584,4.797205593998007,1.4002003618206427,1.4002003618206427,3.3250970119786536,0.16796432470958758,0.3068679365881614
1000,3,0.2,10.0,1,100,1.6828609678688584,4.797205593998007,1.725635102870699,1.725635102870699,4.762125720702488,0.02541750971621203,0.007312564076763574
1000,3,0.2,10.0,2,10,1.6824444119691087,4.694431122747657,0.40177764399879096,0.40177764399879096,1.673695409840096,0.7611941047558557,0.6434721553949481
1000,3,0.2,10.0,2,30,1.6824444119691087,4.694431122747657,1.716108452479012,1.716108452479012,4.74863386737714,0.02000900610469706,0.011546179550240725
1000,3,0.2,10.0,2,50,1.6824444119691087,4.694431122747657,1.8217366477572041,1.8217366477572041,5.2491240607059755,0.08279158276918631,0.11815977771416439
1000,3,0.2,10.0,2,100,1.6824444119691087,4.694431122747657,1.8244465796725462,1.8244465796725462,5.320293310733824,0.08440229388455114,0.1333201343509858
2000,3,0.0,2.0,0,10,0.6437859806065077,7.26494190000632,0.4845857225226876,0.4845857225226876,1.8514146855469569,0.24728755033441127,0.7451576748954666
2000,3,0.0,2.0,0,30,0.6437859806065077,7.26494190000632,0.4971356900288654,0.4971356900288654,2.396191933185268,0.22779354474212657,0.6701705304507413
2000,3,0.0,2.0,0,50,0.6437859806065077,7.26494190000632,0.5046451324862762,0.5046451324862762,2.525422512862432,0.21612904336492011,0.6523822836270398
2000,3,0.0,2.0,0,100,0.6437859806065077,7.26494190000632,0.5084219104332702,0.5084219104332702,3.2581280630956044,0.21026253172787585,0.5515273063515111
2000,3,0.0,2.0,1,10,0.6783226328241753,6.987718128416362,0.45612209516381214,0.45612209516381214,1.7858954544647414,0.32757352756348124,0.7444236556706271
2000,3,0.0,2.0,1,30,0.6783226328241753,6.987718128416362,0.7431416740280835,0.7431416740280835,4.195469501972611,0.09555783349589292,0.3995937694007361
2000,3,0.0,2.0,1,50,0.6783226328241753,6.987718128416362,0.6761004221114963,0.6761004221114963,4.091798549183301,0.003276037987154892,0.4144299363559714
2000,3,0.0,2.0,1,100,0.6783226328241753,6.987718128416362,0.47344480164144653,0.47344480164144653,2.8294039137842084,0.30203596528944676,0.5950890030497781
2000,3,0.0,2.0,2,10,0.7008485258315146,10.87323753149392,0.7360960178965168,0.7360960178965168,2.8978339725718056,0.05029259642543043,0.7334893159302057
2000,3,0.0,2.0,2,30,0.7008485258315146,10.87323753149392,0.7596322983053981,0.7596322983053981,3.652686309795415,0.08387514606546422,0.6640663556539119
2000,3,0.0,2.0,2,50,0.7008485258315146,10.87323753149392,0.5769212175708905,0.5769212175708905,2.659765866275811,0.17682466851676937,0.7553841844646638
2000,3,0.0,2.0,2,100,0.7008485258315146,10.87323753149392,0.5365470267930029,0.5365470267930029,3.1242349039633,0.23443225316565774,0.712667464964867
2000,3,0.0,5.0,0,10,0.6647636523552978,9.371015606248461,0.29473978438600335,0.29473978438600335,1.3697497680711996,0.5566246991066336,0.8538312360553674
2000,3,0.0,5.0,0,30,0.6647636523552978,9.371015606248461,0.4914505631350032,0.4914505631350032,2.1560918958099786,0.2607138471037576,0.769919079595564
2000,3,0.0,5.0,0,50,0.6647636523552978,9.371015606248461,0.6027360429342843,0.6027360429342843,3.7545678324303,0.09330776314445881,0.5993424842952126
2000,3,0.0,5.0,0,100,0.6647636523552978,9.371015606248461,0.4857715542281274,0.4857715542281274,2.7806172917794947,0.2692567463533702,0.7032747133698702
2000,3,0.0,5.0,1,10,0.6503303945228937,7.618833107152736,0.42505870396707024,0.42505870396707024,1.7772068748277516,0.34639575891434543,0.7667350301768299
2000,3,0.0,5.0,1,30,0.6503303945228937,7.618833107152736,0.5189766824682011,0.5189766824682011,2.534414381370413,0.2019799676609895,0.6673487467534829
2000,3,0.0,5.0,1,50,0.6503303945228937,7.618833107152736,0.5360862145920158,0.5360862145920158,3.059015510745534,0.1756709833848249,0.5984929099085187
2000,3,0.0,5.0,1,100,0.6503303945228937,7.618833107152736,0.703499167714668,0.703499167714668,4.499120048590661,0.08175655580542403,0.4094738675445216
2000,3,0.0,5.0,2,10,0.7116392058914187,10.837519913683188,0.4949244418438439,0.4949244418438439,1.8454579618705242,0.30452898358250513,0.8297158412100822
2000,3,0.0,5.0,2,30,0.7116392058914187,10.837519913683188,0.5905381111495783,0.5905381111495783,3.1513696735064682,0.17017203906036324,0.7092167120701088
2000,3,0.0,5.0,2,50,0.7116392058914187,10.837519913683188,0.6727307308913045,0.6727307308913045,3.409124203557344,0.05467443991000519,0.6854331774511374
2000,3,0.0,5.0,2,100,0.7116392058914187,10.837519913683188,0.6068765044359997,0.6068765044359997,3.484610173958389,0.14721322348196145,0.6784679334652197
2000,3,0.0,10.0,0,10,0.6984542271619008,9.191213698217632,0.7431032038583395,0.7431032038583395,2.651820891399253,0.0639254155248876,0.7114830556150059
2000,3,0.0,10.0,0,30,0.6984542271619008,9.191213698217632,0.5031663612565297,0.5031663612565297,2.643035891966718,0.2796000916178915,0.7124388596819092
2000,3,0.0,10.0,0,50,0.6984542271619008,9.191213698217632,0.6573922916376324,0.6573922916376324,3.381919919311263,0.05878973013180762,0.632048603116791
2000,3,0.0,10.0,0,100,0.6984542271619008,9.191213698217632,0.7473552271921488,0.7473552271921488,4.587278541543729,0.0700131778555516,0.5009061161929792
2000,3,0.0,10.0,1,10,0.6531760108020092,9.05950966881119,0.6571249940550139,0.6571249940550139,2.7104275097903145,0.006045817953656846,0.7008196239227611
2000,3,0.0,10.0,1,30,0.6531760108020092,9.05950966881119,0.531383873582497,0.531383873582497,2.370905507282659,0.18646143643574484,0.7382964869009544
2000,3,0.0,10.0,1,50,0.6531760108020092,9.05950966881119,0.5993505333348605,0.5993505333348605,3.4385770646655276,0.0824057781930148,0.6204455659997385
2000,3,0.0,10.0,1,100,0.6531760108020092,9.05950966881119,0.6259009428800995,0.6259009428800995,3.403398181918141,0.0417576081650943,0.6243286550446672
2000,3,0.0,10.0,2,10,0.6722700999610615,5.917746054892996,0.9815123744135187,0.9815123744135187,3.629930561927141,0.45999706735487544,0.3866025124674301
2000,3,0.0,10.0,2,30,0.6722700999610615,5.917746054892996,0.6427143113740239,0.6427143113740239,3.532716006866585,0.043964157544340375,0.4030301445690435
2000,3,0.0,10.0,2,50,0.6722700999610615,5.917746054892996,0.5305823266085035,0.5305823266085035,3.0200297956768694,0.21076018903825217,0.48966553014220593
2000,3,0.0,10.0,2,100,0.6722700999610615,5.917746054892996,0.711780548847895,0.711780548847895,4.793056599707322,0.058771688476286554,0.1900536867843023
2000,3,0.01,2.0,0,10,0.7041455345419971,8.158001271669198,0.5070772539693129,0.5070772539693129,1.887159159830617,0.2798686789952661,0.7686738335792772
2000,3,0.01,2.0,0,30,0.7041455345419971,8.158001271669198,0.5310550350818967,0.5310550350818967,2.3365759731587055,0.24581637029436687,0.7135847500694712
2000,3,0.01,2.0,0,50,0.7041455345419971,8.158001271669198,0.6245334674031845,0.6245334674031845,3.065761222227761,0.11306194988596403,0.6242019190565191
2000,3,0.01,2.0,0,100,0.7041455345419971,8.158001271669198,0.6463331079084195,0.6463331079084195,3.270070356055264,0.0821029514462249,0.5991579006721361
2000,3,0.01,2.0,1,10,0.6776575995706522,7.229319530734069,0.18964493163321114,0.18964493163321114,1.2019741748226875,0.7201463810730291,0.8337361947120023
2000,3,0.01,2.0,1,30,0.6776575995706522,7.229319530734069,0.743824298243381,0.743824298243381,3.59844251243863,0.09764031085115919,0.502243261327634
2000,3,0.01,2.0,1,50,0.6776575995706522,7.229319530734069,0.42510704554084217,0.42510704554084217,2.206223746894969,0.37268165248913326,0.6948227647822688
2000,3,0.01,2.0,1,100,0.6776575995706522,7.229319530734069,0.6488541336102489,0.6488541336102489,3.9428338635707623,0.04250445354505355,0.4546051192220017
2000,3,0.01,2.0,2,10,0.6623640231431586,9.28680597708695,0.6136324695688554,0.6136324695688554,2.506501106057606,0.07357216254447844,0.7301008428256369
2000,3,0.01,2.0,2,30,0.6623640231431586,9.28680597708695,1.392224248508442,1.392224248508442,7.656489358403918,1.1019019751432615,0.17555191986410199
2000,3,0.01,2.0,2,50,0.6623640231431586,9.28680597708695,0.5805969757929795,0.5805969757929795,3.38033601509309,0.1234472955855371,0.6360066072842171
2000,3,0.01,2.0,2,100,0.6623640231431586,9.28680597708695,0.5167360326082058,0.5167360326082058,3.55078862572134,0.21986096081108833,0.6176523301464366
2000,3,0.01,5.0,0,10,0.9816612409123018,11.124163624423396,0.4099809910011332,0.4099809910011332,1.511521411461841,0.5823600098338206,0.8641226916023371
2000,3,0.01,5.0,0,30,0.9816612409123018,11.124163624423396,0.6244391884714373,0.6244391884714373,3.521591845290316,0.363895443308816,0.6834286186191502
2000,3,0.01,5.0,0,50,0.9816612409123018,11.124163624423396,0.6689595103831464,0.6689595103831464,3.3452998849090214,0.31854342159679,0.6992762783923524
2000,3,0.01,5.0,0,100,0.9816612409123018,11.124163624423396,1.149303932827528,1.149303932827528,7.3867846680031555,0.17077448403629386,0.33596943398196033
2000,3,0.01,5.0,1,10,1.019893147231907,10.771710935140439,0.2191024373870642,0.2191024373870642,1.372430151811451,0.7851711838816346,0.8725894001356658
2000,3,0.01,5.0,1,30,1.019893147231907,10.771710935140439,0.6070461055640914,0.6070461055640914,2.6935102004686637,0.4047944069320636,0.7499459262611983
2000,3,0.01,5.0,1,50,1.019893147231907,10.771710935140439,1.2747941729477914,1.2747941729477914,8.692043583962661,0.24992914836981842,0.19306750466105627
2000,3,0.01,5.0,1,100,1.019893147231907,10.771710935140439,0.9216327559506108,0.9216327559506108,7.111719687815987,0.09634380969024538,0.33977807883652916
2000,3,0.01,5.0,2,10,1.0038984191058524,11.152323945467518,0.9814055167051211,0.9814055167051211,3.702354274945052,0.022405556152548974,0.6680194824819675
2000,3,0.01,5.0,2,30,1.0038984191058524,11.152323945467518,0.6043457152031126,0.6043457152031126,2.1903781138921983,0.3980011286984708,0.8035944683276168
2000,3,0.01,5.0,2,50,1.0038984191058524,11.152323945467518,0.5780024582511439,0.5780024582511439,2.834397105852728,0.4242420873956984,0.7458469535396994
2000,3,0.01,5.0,2,100,1.0038984191058524,11.152323945467518,1.0961978562952628,1.0961978562952628,10.159648481047414,0.09194101258932073,0.08901063753833509
2000,3,0.01,10.0,0,10,2.485939595674491,27.10730987984548,0.5245870148729181,0.5245870148729181,1.9178854012412125,0.7889783742993216,0.9292484053289561
2000,3,0.01,10.0,0,30,2.485939595674491,27.10730987984548,0.470466221348613,0.470466221348613,2.0696368613108906,0.8107491339824914,0.9236502304918983
2000,3,0.01,10.0,0,50,2.485939595674491,27.10730987984548,0.7965961134523489,0.7965961134523489,4.306993889052062,0.6795593445478652,0.8411131938896544
2000,3,0.01,10.0,0,100,2.485939595674491,27.10730987984548,2.6462171068786904,2.6462171068786904,26.67649154445593,0.06447361451705438,0.015893068596595287
2000,3,0.01,10.0,1,10,2.4574092914423638,26.830979453268434,1.1260403800718215,1.1260403800718215,4.105551734943856,0.5417774385434597,0.8469846491405764
2000,3,0.01,10.0,1,30,2.4574092914423638,26.830979453268434,0.5032429733864421,0.5032429733864421,2.2407325286259216,0.7952140186256615,0.9164871139896845
2000,3,0.01,10.0,1,50,2.4574092914423638,26.830979453268434,0.6960809563905227,0.6960809563905227,4.451665054368799,0.7167419530745074,0.8340848845223011
2000,3,0.01,10.0,1,100,2.4574092914423638,26.830979453268434,0.8259644688236009,0.8259644688236009,6.250794618590251,0.663888115138197,0.767030695637583
2000,3,0.01,10.0,2,10,2.4875934157876274,27.001639859771334,0.717390486111668,0.717390486111668,2.519341083912786,0.711612644751865,0.9066967377908683
2000,3,0.01,10.0,2,30,2.4875934157876274,27.001639859771334,0.8809583581913399,0.8809583581913399,3.9875108259125236,0.645859185588651,0.8523233830752126
2000,3,0.01,10.0,2,50,2.4875934157876274,27.001639859771334,0.6402833842250609,0.6402833842250609,3.6590423416532167,0.7426093106045898,0.8644881436588348
2000,3,0.01,10.0,2,100,2.4875934157876274,27.001639859771334,0.574774775643785,0.574774775643785,3.3461808821308896,0.7689434406780666,0.8760749013945545
2000,3,0.02,2.0,0,10,0.6522247884106012,6.7974888408872705,0.8304041973436067,0.8304041973436067,2.6704751282422525,0.27318711600521783,0.6071379901090537
2000,3,0.02,2.0,0,30,0.6522247884106012,6.7974888408872705,0.5274535482292596,0.5274535482292596,2.2519255042189874,0.19130097843321028,0.6687121440091919
2000,3,0.02,2.0,0,50,0.6522247884106012,6.7974888408872705,0.49077707089892714,0.49077707089892714,2.6749139580358072,0.24753385700826253,0.6064849798728537
2000,3,0.02,2.0,0,100,0.6522247884106012,6.7974888408872705,0.6014889096755921,0.6014889096755921,3.330816745649015,0.07778894583054215,0.509993054256453
2000,3,0.02,2.0,1,10,0.708592555862065,7.3196862152942685,1.1303614716789048,1.1303614716789048,3.939186783475597,0.5952206417180333,0.461836659712983
2000,3,0.02,2.0,1,30,0.708592555862065,7.3196862152942685,0.40312990885679323,0.40312990885679323,1.631917833964892,0.43108362411971674,0.7770508480875795
2000,3,0.02,2.0,1,50,0.708592555862065,7.3196862152942685,0.40151278661913536,0.40151278661913536,1.838290404012203,0.43336578503755263,0.7488566654440528
2000,3,0.02,2.0,1,100,0.708592555862065,7.3196862152942685,0.7213508886000898,0.7213508886000898,4.083792709291901,0.01800517466981163,0.442080904949322
2000,3,0.02,2.0,2,10,0.6266465193598646,6.766098028970186,0.47286738666257205,0.47286738666257205,2.025357972482944,0.24540012263114755,0.7006608589158725
2000,3,0.02,2.0,2,30,0.6266465193598646,6.766098028970186,0.5208515564394621,0.5208515564394621,2.253733312080271,0.16882717712766476,0.6669079723009431
2000,3,0.02,2.0,2,50,0.6266465193598646,6.766098028970186,0.5438738455358177,0.5438738455358177,3.028957400719641,0.13208830060781515,0.552333207743865
2000,3,0.02,2.0,2,100,0.6266465193598646,6.766098028970186,0.767558300941867,0.767558300941867,6.46066056800805,0.22486645537574745,0.045142334570730976
2000,3,0.02,5.0,0,10,1.187664640127493,10.482197021947206,0.47174256181769736,0.47174256181769736,1.959310607556572,0.6027981756137348,0.8130820663402676
2000,3,0.02,5.0,0,30,1.187664640127493,10.482197021947206,1.5357191770152885,1.5357191770152885,8.70302606762819,0.2930579265628659,0.16973263816677536
2000,3,0.02,5.0,0,50,1.187664640127493,10.482197021947206,0.5739218204010375,0.5739218204010375,2.8800621516252476,0.5167644122675672,0.7252425092187174
2000,3,0.02,5.0,0,100,1.187664640127493,10.482197021947206,1.0791098035354079,1.0791098035354079,7.746647282076328,0.09140192687763449,0.2609710287016446
2000,3,0.02,5.0,1,10,1.169122399391696,10.541280528053289,0.7145536026071797,0.7145536026071797,2.4980894886371945,0.38881198155217295,0.76301840350524
2000,3,0.02,5.0,1,30,1.169122399391696,10.541280528053289,1.477090061873053,1.477090061873053,7.868143460231685,0.26341781035210265,0.25358750871942365
2000,3,0.02,5.0,1,50,1.169122399391696,10.541280528053289,1.135133194565915,1.135133194565915,7.882588839892081,0.029072409222050396,0.2522171458283163
2000,3,0.02,5.0,1,100,1.169122399391696,10.541280528053289,1.2824561956147227,1.2824561956147227,7.737558418715442,0.09693920523804458,0.2659754763073006
2000,3,0.02,5.0,2,10,1.2297958209577402,10.40504305776103,1.9321250465554143,1.9321250465554143,6.464184046055666,0.5710941715924146,0.37874509406916024
2000,3,0.02,5.0,2,30,1.2297958209577402,10.40504305776103,0.5662812620998637,0.5662812620998637,2.4873387651862613,0.5395322927192456,0.7609487292480758
2000,3,0.02,5.0,2,50,1.2297958209577402,10.40504305776103,0.6589069552276187,0.6589069552276187,3.24652811535791,0.4642143484318598,0.6879851340032319
2000,3,0.02,5.0,2,100,1.2297958209577402,10.40504305776103,0.5573512451172116,0.5573512451172116,3.3506298365311507,0.5467936745116294,0.6779802046055018
2000,3,0.02,10.0,0,10,2.869439534666998,22.1660269939405,0.4109301735853076,0.4109301735853076,1.752491341293539,0.8567907883680161,0.9209379587161644
2000,3,0.02,10.0,0,30,2.869439534666998,22.1660269939405,2.6746141608908873,2.6746141608908873,15.069778557454214,0.06789666463514467,0.3201407468476953
2000,3,0.02,10.0,0,50,2.869439534666998,22.1660269939405,0.6729840730114764,0.6729840730114764,4.7093831654533025,0.7654649749956912,0.787540493082468
2000,3,0.02,10.0,0,100,2.869439534666998,22.1660269939405,2.794018662201379,2.794018662201379,13.42679791326964,0.02628418252220527,0.3942623133617897
2000,3,0.02,10.0,1,10,2.804968516663726,22.06499967036417,0.3256209768516873,0.3256209768516873,1.5867047107584145,0.8839127872854038,0.9280895203053394
2000,3,0.02,10.0,1,30,2.804968516663726,22.06499967036417,0.6130829304910219,0.6130829304910219,2.7783169460932253,0.781429657107085,0.8740848861273801
2000,3,0.02,10.0,1,50,2.804968516663726,22.06499967036417,2.4262894540834496,2.4262894540834496,9.46574570468951,0.13500296360926123,0.5710063065442464
2000,3,0.02,10.0,1,100,2.804968516663726,22.06499967036417,2.7685423806330656,2.7685423806330656,20.308932193664095,0.0129862905106637,0.07958610935574476
2000,3,0.02,10.0,2,10,2.735942484849644,21.257719756855096,0.5004112230636162,0.5004112230636162,1.8392933957989772,0.8170973162503755,0.9134764491753238
2000,3,0.02,10.0,2,30,2.735942484849644,21.257719756855096,0.8952220133553641,0.8952220133553641,3.954954637802194,0.6727920932867996,0.8139520756205839
2000,3,0.02,10.0,2,50,2.735942484849644,21.257719756855096,2.572953086966687,2.572953086966687,13.606395856938436,0.0595734006783825,0.3599315442781343
2000,3,0.02,10.0,2,100,2.735942484849644,21.257719756855096,2.7243514497273558,2.7243514497273558,15.449996460801406,0.004236578505021209,0.2732053749170741
2000,3,0.05,2.0,0,10,0.65141260441657,7.2644391200920655,0.45604752442772223,0.45604752442772223,1.7016842204899165,0.29990988609105007,0.7657514651360516
2000,3,0.05,2.0,0,30,0.65141260441657,7.2644391200920655,0.8295012725563029,0.8295012725563029,5.004945530531076,0.27338842836674293,0.31103483038513696
2000,3,0.05,2.0,0,50,0.65141260441657,7.2644391200920655,0.5104753309488742,0.5104753309488742,2.396359519203966,0.21635638075183486,0.6701246332182634
2000,3,0.05,2.0,0,100,0.65141260441657,7.2644391200920655,0.7304344967212006,0.7304344967212006,5.774912329501496,0.12130850979680637,0.20504360570258204
2000,3,0.05,2.0,1,10,0.6410291195607866,6.374989174742897,0.737273923032594,0.737273923032594,2.5056738017075997,0.15014107867323,0.6069524617179207
2000,3,0.05,2.0,1,30,0.6410291195607866,6.374989174742897,0.5485470260914416,0.5485470260914416,3.019742305156601,0.1442712829219223,0.5263141281681648
2000,3,0.05,2.0,1,50,0.6410291195607866,6.374989174742897,0.5865403336375555,0.5865403336375555,3.202112262216426,0.0850020447753841,0.49770702750321655
2000,3,0.05,2.0,1,100,0.6410291195607866,6.374989174742897,0.6958933304716537,0.6958933304716537,4.8295801289066915,0.08558770457800481,0.24241751687343557
2000,3,0.05,2.0,2,10,0.6227487686611384,6.430958934057433,0.4979104438741859,0.4979104438741859,1.8913770346339525,0.20046338277849216,0.7058950221844067
2000,3,0.05,2.0,2,30,0.6227487686611384,6.430958934057433,0.663465930426059,0.663465930426059,3.4591396108905075,0.06538296631635149,0.46211138239875826
2000,3,0.05,2.0,2,50,0.6227487686611384,6.430958934057433,0.8065995814354522,0.8065995814354522,4.433142150134351,0.2952246909609774,0.31065612522308783
2000,3,0.05,2.0,2,100,0.6227487686611384,6.430958934057433,0.5712907978872539,0.5712907978872539,3.5117143538974527,0.0826303854193323,0.45393612524876825
2000,3,0.05,5.0,0,10,1.358269331673104,8.966713358539577,0.24737554069698406,0.24737554069698406,1.571525584529387,0.8178744561711712,0.824737836296203
2000,3,0.05,5.0,0,30,1.358269331673104,8.966713358539577,1.4252041943769183,1.4252041943769183,5.102799973160588,0.04927952147853066,0.4309174645021006
2000,3,0.05,5.0,0,50,1.358269331673104,8.966713358539577,1.3843240583296028,1.3843240583296028,7.158813866003928,0.019182297684955305,0.20162342881339793
2000,3,0.05,5.0,0,100,1.358269331673104,8.966713358539577,1.1776168695158282,1.1776168695158282,6.564204767576204,0.13300194441904223,0.2679363658564272
2000,3,0.05,5.0,1,10,1.3763076923974027,8.285852764690443,0.6717869703460828,0.6717869703460828,2.44793636457,0.5118918726844496,0.7045643418862447
2000,3,0.05,5.0,1,30,1.3763076923974027,8.285852764690443,1.2846527311403269,1.2846527311403269,7.385538948750613,0.0665948187046904,0.1086567480146946
2000,3,0.05,5.0,1,50,1.3763076923974027,8.285852764690443,1.1190006103260832,1.1190006103260832,7.291430886712553,0.18695462031685223,0.1200144277503392
2000,3,0.05,5.0,1,100,1.3763076923974027,8.285852764690443,1.145240729982861,1.145240729982861,8.829500357023242,0.16788902924174173,0.0656115438895456
2000,3,0.05,5.0,2,10,1.4611702597146317,9.106720084066147,1.2820636984304772,1.2820636984304772,4.500531533613108,0.12257747520753276,0.5058010466921453
2000,3,0.05,5.0,2,30,1.4611702597146317,9.106720084066147,1.0368681330139957,1.0368681330139957,5.871847154026826,0.29038513744695477,0.3552182234852388
2000,3,0.05,5.0,2,50,1.4611702597146317,9.106720084066147,1.5657021214636058,1.5657021214636058,7.491270076315064,0.07153982299734823,0.17739098081839644
2000,3,0.05,5.0,2,100,1.4611702597146317,9.106720084066147,1.4299030205638072,1.4299030205638072,7.79142590987091,0.02139876509458312,0.14443116314693602
2000,3,0.05,10.0,0,10,2.7142794007709448,13.745211635687745,2.4230790387877907,2.4230790387877907,7.886533587907337,0.10728459343590181,0.42623410996227035
2000,3,0.05,10.0,0,30,2.7142794007709448,13.745211635687745,0.6524401094888349,0.6524401094888349,2.896304582029595,0.7596267689672919,0.7892862868324488
2000,3,0.05,10.0,0,50,2.7142794007709448,13.745211635687745,2.687055862285353,2.687055862285353,11.818882974769375,0.01002974803473051,0.14014543478667843
2000,3,0.05,10.0,0,100,2.7142794007709448,13.745211635687745,2.4611126227579923,2.4611126227579923,18.23567755884052,0.09327218780094813,0.3266931090019622
2000,3,0.05,10.0,1,10,2.726308523162901,13.889554001701725,0.2953908249246764,0.2953908249246764,1.4147341500397121,0.8916517252486225,0.8981440188888441
2000,3,0.05,10.0,1,30,2.726308523162901,13.889554001701725,2.891026362765751,2.891026362765751,16.2376637119478,0.06041790142362687,0.16905580337269202
2000,3,0.05,10.0,1,50,2.726308523162901,13.889554001701725,2.7585943249285534,2.7585943249285534,15.646967215372603,0.01184231406363223,0.12652769221067592
2000,3,0.05,10.0,1,100,2.726308523162901,13.889554001701725,2.9070434332262094,2.9070434332262094,16.18413222742757,0.06629290431650434,0.16520172105200173
2000,3,0.05,10.0,2,10,2.7326270401993864,13.72668609604081,2.5071824387197017,2.5071824387197017,8.125115144259395,0.08250105051409984,0.4080788992032882
2000,3,0.05,10.0,2,30,2.7326270401993864,13.72668609604081,2.617021089857761,2.617021089857761,11.067090627614723,0.04230579169457027,0.19375364525842798
2000,3,0.05,10.0,2,50,2.7326270401993864,13.72668609604081,2.55455015395375,2.55455015395375,11.371116189811277,0.06516691946100443,0.1716051412371811
2000,3,0.05,10.0,2,100,2.7326270401993864,13.72668609604081,2.5658644890940683,2.5658644890940683,11.600492108255661,0.06102645866124134,0.15489492313796022
2000,3,0.1,2.0,0,10,0.5866904178552818,6.882127609815075,0.8825654210745071,0.8825654210745071,2.6713342852674637,0.5043119747904397,0.611844703161608
2000,3,0.1,2.0,0,30,0.5866904178552818,6.882127609815075,0.4135200415424418,0.4135200415424418,1.9157290605317316,0.295164828063641,0.7216370911519312
2000,3,0.1,2.0,0,50,0.5866904178552818,6.882127609815075,0.44523229590002733,0.44523229590002733,2.6931442772460787,0.24111203737121156,0.6086756262111153
2000,3,0.1,2.0,0,100,0.5866904178552818,6.882127609815075,0.4902697172990783,0.4902697172990783,3.41217217862798,0.16434681327961867,0.5041980660513115
2000,3,0.1,2.0,1,10,0.6805166058317258,7.844182030189697,0.544830675055884,0.544830675055884,1.9739322807117514,0.19938665656807414,0.7483571552630052
2000,3,0.1,2.0,1,30,0.6805166058317258,7.844182030189697,0.7801337915645273,0.7801337915645273,4.372488719773657,0.14638465083603602,0.44258194124698086
2000,3,0.1,2.0,1,50,0.6805166058317258,7.844182030189697,0.4864817365365721,0.4864817365365721,2.324550973441808,0.28512877956593685,0.7036592260996277
2000,3,0.1,2.0,1,100,0.6805166058317258,7.844182030189697,0.7548889148064759,0.7548889148064759,4.893277234647841,0.10928801492485617,0.37619024956136743
2000,3,0.1,2.0,2,10,0.6075248895724128,8.488601778181627,0.4325144372870391,0.4325144372870391,1.6635667013869537,0.2880712466094176,0.8040234723152119
2000,3,0.1,2.0,2,30,0.6075248895724128,8.488601778181627,0.6954023628062257,0.6954023628062257,3.2253284462921443,0.14464835061434714,0.6200400807371773
2000,3,0.1,2.0,2,50,0.6075248895724128,8.488601778181627,0.5394471228612508,0.5394471228612508,2.6611576197933924,0.11205757637201717,0.6865022427329076
2000,3,0.1,2.0,2,100,0.6075248895724128,8.488601778181627,0.6846093836522742,0.6846093836522742,4.926367810796961,0.1268828576457417,0.4196490847928249
2000,3,0.1,5.0,0,10,1.4612428196080953,6.753627793666996,0.5804931532804326,0.5804931532804326,2.3570826901272355,0.6027401158172188,0.650990140093667
2000,3,0.1,5.0,0,30,1.4612428196080953,6.753627793666996,1.4434915269912898,1.4434915269912898,6.232959139107567,0.012148078593512893,0.07709466237503781
2000,3,0.1,5.0,0,50,1.4612428196080953,6.753627793666996,1.5135830805931019,1.5135830805931019,6.369741630127731,0.035819003031299194,0.05684147472551604
2000,3,0.1,5.0,0,100,1.4612428196080953,6.753627793666996,1.3132501498210971,1.3132501498210971,4.497606209822724,0.10127862926073422,0.33404588656185435
2000,3,0.1,5.0,1,10,1.4764441467779024,6.956174126191189,1.7392485006533924,1.7392485006533924,5.938366077681173,0.1779981684027923,0.14631721835107522
2000,3,0.1,5.0,1,30,1.4764441467779024,6.956174126191189,1.4019447988169538,1.4019447988169538,5.378691084936539,0.05045862935183239,0.22677451895793638
2000,3,0.1,5.0,1,50,1.4764441467779024,6.956174126191189,1.358864016162811,1.358864016162811,6.7832856642060255,0.07963737122849572,0.024853958346759703
2000,3,0.1,5.0,1,100,1.4764441467779024,6.956174126191189,1.5116339859479722,1.5116339859479722,6.468416608218099,0.02383418244900483,0.07011864699254707
2000,3,0.1,5.0,2,10,1.4190922443740461,6.741387981806074,1.1836969044923233,1.1836969044923233,3.2109424700675513,0.1658774056548765,0.5236971260616701
2000,3,0.1,5.0,2,30,1.4190922443740461,6.741387981806074,1.520904949968074,1.520904949968074,6.128913887320505,0.0717449524494702,0.09085281786755765
2000,3,0.1,5.0,2,50,1.4190922443740461,6.741387981806074,1.3374478985667868,1.3374478985667868,4.44795270504524,0.05753279685019504,0.3402022377217345
2000,3,0.1,5.0,2,100,1.4190922443740461,6.741387981806074,1.426278597738977,1.426278597738977,7.300564316754809,0.005064049496021767,0.08294676652016791
2000,3,0.1,10.0,0,10,2.301445779003562,8.777361115865295,1.8137821266240308,1.8137821266240308,4.583174236787416,0.21189447817044413,0.47784144046401184
2000,3,0.1,10.0,0,30,2.301445779003562,8.777361115865295,2.1187497361618757,2.1187497361618757,6.501377263480017,0.0793831618839122,0.2593016081190258
2000,3,0.1,10.0,0,50,2.301445779003562,8.777361115865295,2.7640954853420197,2.7640954853420197,14.910012207290853,0.20102568157776346,0.6986896187215814
2000,3,0.1,10.0,0,100,2.301445779003562,8.777361115865295,2.0029948589299997,2.0029948589299997,6.319740408528945,0.12967975296067152,0.2799953966681558
2000,3,0.1,10.0,1,10,2.3152827988189686,8.658788130102245,1.8865844182291338,1.8865844182291338,4.616341043046828,0.18516026673221728,0.4668606075487475
2000,3,0.1,10.0,1,30,2.3152827988189686,8.658788130102245,2.9259421108811443,2.9259421108811443,16.39735385308846,0.2637515004100901,0.8937238799137631
2000,3,0.1,10.0,1,50,2.3152827988189686,8.658788130102245,2.960252194480392,2.960252194480392,15.59813833086658,0.2785704605892739,0.8014227968738155
2000,3,0.1,10.0,1,100,2.3152827988189686,8.658788130102245,2.0828197220504405,2.0828197220504405,6.574684621507791,0.10040375062912749,0.24069228595039477
2000,3,0.1,10.0,2,10,2.30933321640677,8.687845653682372,0.6209851723866291,0.6209851723866291,2.474070076624779,0.7310976311366373,0.7152262856354802
2000,3,0.1,10.0,2,30,2.30933321640677,8.687845653682372,2.296185834569486,2.296185834569486,8.722963611807097,0.00569315062195348,0.004042194063362646
2000,3,0.1,10.0,2,50,2.30933321640677,8.687845653682372,2.71779772603421,2.71779772603421,14.238169217009181,0.17687551832082277,0.6388607469072942
2000,3,0.1,10.0,2,100,2.30933321640677,8.687845653682372,2.1238080240152253,2.1238080240152253,7.008007981721853,0.08033712548430512,0.1933549166183119
2000,3,0.2,2.0,0,10,0.5915941849529013,6.747218403782818,0.42117913695148584,0.42117913695148584,1.9070472277871535,0.28806072192035276,0.7173580113075974
2000,3,0.2,2.0,0,30,0.5915941849529013,6.747218403782818,0.43634217263352854,0.43634217263352854,2.0045388836890994,0.262429916094819,0.7029088486945586
2000,3,0.2,2.0,0,50,0.5915941849529013,6.747218403782818,0.7282054972150536,0.7282054972150536,3.5345872575065265,0.23092064752635855,0.4761415673865151
2000,3,0.2,2.0,0,100,0.5915941849529013,6.747218403782818,0.5783487960549786,0.5783487960549786,3.9351105826673565,0.022389315572764145,0.41678031639510255
2000,3,0.2,2.0,1,10,0.5845956482433441,7.133862103294786,0.4073340206915844,0.4073340206915844,1.466358628017755,0.3032209153188439,0.794450943011568
2000,3,0.2,2.0,1,30,0.5845956482433441,7.133862103294786,0.6098445522220574,0.6098445522220574,3.65327311709163,0.04319037278943812,0.48789686929827814
2000,3,0.2,2.0,1,50,0.5845956482433441,7.133862103294786,0.5668006614272297,0.5668006614272297,3.6243152284136366,0.030439820873772575,0.4919560855066513
2000,3,0.2,2.0,1,100,0.5845956482433441,7.133862103294786,0.6788956828361609,0.6788956828361609,5.528771854244172,0.16130813644641329,0.22499597354276024
2000,3,0.2,2.0,2,10,0.6364016724628121,6.162099158324124,1.0735716764293466,1.0735716764293466,3.9208629749638044,0.6869403756824356,0.36371309934744017
2000,3,0.2,2.0,2,30,0.6364016724628121,6.162099158324124,0.7321288961824068,0.7321288961824068,4.009269073251652,0.15041950369039694,0.3493663489923403
2000,3,0.2,2.0,2,50,0.6364016724628121,6.162099158324124,0.6659624260050117,0.6659624260050117,3.551882710920674,0.04644983635539853,0.4235920877510413
2000,3,0.2,2.0,2,100,0.6364016724628121,6.162099158324124,0.6583049395493231,0.6583049395493231,4.682859794761085,0.03441736254675059,0.24005445637219192
2000,3,0.2,5.0,0,10,1.2983740571519216,4.789065542177101,1.3657378837771073,1.3657378837771073,3.679239218140668,0.05188321982723005,0.23174172795553513
2000,3,0.2,5.0,0,30,1.2983740571519216,4.789065542177101,1.257222820369188,1.257222820369188,4.129890220927815,0.03169443856033432,0.13764174147210065
2000,3,0.2,5.0,0,50,1.2983740571519216,4.789065542177101,1.225858985976843,1.225858985976843,3.755764982349314,0.05585067783481882,0.21576245944590908
2000,3,0.2,5.0,0,100,1.2983740571519216,4.789065542177101,1.3507488269021153,1.3507488269021153,4.91599279378943,0.04033873710098738,0.026503552831859473
2000,3,0.2,5.0,1,10,1.3147579288921611,4.448881049791875,1.6640499875665378,1.6640499875665378,5.463232431713292,0.26567024316688964,0.22800146161895482
2000,3,0.2,5.0,1,30,1.3147579288921611,4.448881049791875,1.3520215294350397,1.3520215294350397,4.116761730620307,0.02834255624096336,0.07465232615897989
2000,3,0.2,5.0,1,50,1.3147579288921611,4.448881049791875,1.3983212544475088,1.3983212544475088,4.543879795131378,0.06355795520910804,0.02135340196248842
2000,3,0.2,5.0,1,100,1.3147579288921611,4.448881049791875,1.2122480880352655,1.2122480880352655,3.480660983452481,0.07796860441318827,0.21763226651894602
2000,3,0.2,5.0,2,10,1.3083480127020897,4.637299734571176,1.5777830389603364,1.5777830389603364,5.44135301076797,0.20593528911454617,0.17338824795010735
2000,3,0.2,5.0,2,30,1.3083480127020897,4.637299734571176,1.4856260041234775,1.4856260041234775,5.636924947078014,0.13549758145408206,0.21556191527897345
2000,3,0.2,5.0,2,50,1.3083480127020897,4.637299734571176,1.4355566104012751,1.4355566104012751,5.691492013298179,0.09722841053311618,0.2273289067057657
2000,3,0.2,5.0,2,100,1.3083480127020897,4.637299734571176,1.3427232334950798,1.3427232334950798,4.3465710471538355,0.02627375932034788,0.06269352943695906
2000,3,0.2,10.0,0,10,1.7372109637686688,4.909762302581473,2.49256968228652,2.49256968228652,8.091007501144619,0.4348111624158716,0.6479428132173523
2000,3,0.2,10.0,0,30,1.7372109637686688,4.909762302581473,1.8005564184650031,1.8005564184650031,4.764867417572469,0.0364638814844422,0.02951158856159314
2000,3,0.2,10.0,0,50,1.7372109637686688,4.909762302581473,1.2918395266843135,1.2918395266843135,2.924068661499073,0.2563715325156456,0.40443783603095307
2000,3,0.2,10.0,0,100,1.7372109637686688,4.909762302581473,1.6076794639146976,1.6076794639146976,4.140254859568777,0.07456290718599212,0.15673008092634183
2000,3,0.2,10.0,1,10,1.7421178180833923,4.869082529210165,1.430251892799479,1.430251892799479,3.1931868548843814,0.1790154041516065,0.34419126483724605
2000,3,0.2,10.0,1,30,1.7421178180833923,4.869082529210165,1.943159866071294,1.943159866071294,5.547289701748878,0.11540094814544757,0.1392884939760361
2000,3,0.2,10.0,1,50,1.7421178180833923,4.869082529210165,1.741293755834572,1.741293755834572,4.803488525894759,0.00047302325954444143,0.013471532454399953
2000,3,0.2,10.0,1,100,1.7421178180833923,4.869082529210165,1.608220034346508,1.608220034346508,4.212134312076267,0.07685920110971206,0.13492238284990923
2000,3,0.2,10.0,2,10,1.7399890427199698,4.970317505328127,1.9475709376543342,1.9475709376543342,4.963215465251777,0.1193006908881852,0.0014288906229305341
2000,3,0.2,10.0,2,30,1.7399890427199698,4.970317505328127,1.527316441003668,1.527316441003668,3.6942155258316314,0.12222640286507193,0.2567445597043908
2000,3,0.2,10.0,2,50,1.7399890427199698,4.970317505328127,1.5219663067470888,1.5219663067470888,3.943703292509244,0.12530121203066055,0.20654902060449132
2000,3,0.2,10.0,2,100,1.7399890427199698,4.970317505328127,1.8502643828899459,1.8502643828899459,5.438084625508944,0.06337703138497497,0.09411212053945756
5000,3,0.0,2.0,0,10,0.7224807944290408,9.893139619301449,0.3617912278692484,0.3617912278692484,1.4964985431879416,0.49923758436352167,0.8487337083297315
5000,3,0.0,2.0,0,30,0.7224807944290408,9.893139619301449,0.6324487014620714,0.6324487014620714,3.5969787479602733,0.12461520591439326,0.6364168619492044
5000,3,0.0,2.0,0,50,0.7224807944290408,9.893139619301449,0.5248616024159879,0.5248616024159879,3.071979936481458,0.2735286439956187,0.6894838186162817
5000,3,0.0,2.0,0,100,0.7224807944290408,9.893139619301449,0.5305189884140337,0.5305189884140337,2.6389494185171767,0.26569814380562173,0.7332546067207417
5000,3,0.0,2.0,1,10,0.6783674416504732,9.248645932905605,0.5039870229425685,0.5039870229425685,1.8347663919371675,0.25705894475659957,0.8016178362489494
5000,3,0.0,2.0,1,30,0.6783674416504732,9.248645932905605,0.751325131731468,0.751325131731468,4.319830591854127,0.10754892643946488,0.5329229139927746
5000,3,0.0,2.0,1,50,0.6783674416504732,9.248645932905605,0.6683339122639492,0.6683339122639492,4.232186922092903,0.014790700099215206,0.542399292523971
5000,3,0.0,2.0,1,100,0.6783674416504732,9.248645932905605,0.8151619453931439,0.8151619453931439,7.298767228720605,0.2016525194809594,0.2108285600216956
5000,3,0.0,2.0,2,10,0.6974014263102107,8.500077009248255,0.89600865325918,0.89600865325918,2.917388964224742,0.2847817905962052,0.656780878449623
5000,3,0.0,2.0,2,30,0.6974014263102107,8.500077009248255,0.38383083424843595,0.38383083424843595,2.2894340883237594,0.44962711607976497,0.730657253359845
5000,3,0.0,2.0,2,50,0.6974014263102107,8.500077009248255,0.706256379454872,0.706256379454872,4.156514184557018,0.012697067729715912,0.5110027615003196
5000,3,0.0,2.0,2,100,0.6974014263102107,8.500077009248255,0.6055338100297888,0.6055338100297888,3.6805557207692083,0.13172846056032922,0.566997367580942
5000,3,0.0,5.0,0,10,0.6966704990056833,11.78855723114979,0.4618978619810752,0.4618978619810752,1.5104773597133176,0.3369923620415753,0.871869192294196
5000,3,0.0,5.0,0,30,0.6966704990056833,11.78855723114979,0.39521803264222377,0.39521803264222377,1.9977918163007147,0.43270450922452564,0.8305312705254719
5000,3,0.0,5.0,0,50,0.6966704990056833,11.78855723114979,1.0899097344621183,1.0899097344621183,7.639975315431943,0.5644551276646306,0.35191600077707025
5000,3,0.0,5.0,0,100,0.6966704990056833,11.78855723114979,0.617543011955698,0.617543011955698,4.651859744792802,0.11357950015526605,0.6053919361310098
5000,3,0.0,5.0,1,10,0.7020645774986704,10.493395057863204,0.28236630566860293,0.28236630566860293,1.3934561066455635,0.5978057934860875,0.8672063618150562
5000,3,0.0,5.0,1,30,0.7020645774986704,10.493395057863204,0.8110275532666974,0.8110275532666974,3.106426844196889,0.1552036369022384,0.7039636050041693
5000,3,0.0,5.0,1,50,0.7020645774986704,10.493395057863204,0.5570560723619237,0.5570560723619237,2.916404493298812,0.20654582182936201,0.7220723629276294
5000,3,0.0,5.0,1,100,0.7020645774986704,10.493395057863204,0.7463470664163057,0.7463470664163057,6.7598713482262935,0.06307466625848841,0.3557974982404958
5000,3,0.0,5.0,2,10,0.6964872202949357,12.14043386833435,0.4537512150304035,0.4537512150304035,1.7556269691212487,0.3485146578306818,0.8553900965845698
5000,3,0.0,5.0,2,30,0.6964872202949357,12.14043386833435,0.9861014248589044,0.9861014248589044,5.847373108269575,0.4158212758610677,0.5183555075802389
5000,3,0.0,5.0,2,50,0.6964872202949357,12.14043386833435,0.7802616408666329,0.7802616408666329,5.424542309771199,0.12028134634864067,0.5531838179259867
5000,3,0.0,5.0,2,100,0.6964872202949357,12.14043386833435,0.6501273443257535,0.6501273443257535,4.671681672181225,0.0665624215610885,0.615196481209269
5000,3,0.0,10.0,0,10,0.6923142098960464,10.791047985600459,0.5512058607671255,0.5512058607671255,1.90189879038062,0.2038212521307469,0.8237521700470141
5000,3,0.0,10.0,0,30,0.6923142098960464,10.791047985600459,0.5529717727287233,0.5529717727287233,2.891388117563982,0.20127051442183438,0.7320567824902418
5000,3,0.0,10.0,0,50,0.6923142098960464,10.791047985600459,0.8474484569255809,0.8474484569255809,5.3050731693504165,0.2240806917033069,0.5083820240231078
5000,3,0.0,10.0,0,100,0.6923142098960464,10.791047985600459,0.5646839836736344,0.5646839836736344,3.389424347780141,0.18435303565641994,0.6859040611900736
5000,3,0.0,10.0,1,10,0.6749404683005831,10.377327086148796,1.127016059596965,1.127016059596965,4.156422042015325,0.6698006898810683,0.599470845670545
5000,3,0.0,10.0,1,30,0.6749404683005831,10.377327086148796,0.6073980264689699,0.6073980264689699,2.9345866974410235,0.10007170262242049,0.7172116988238733
5000,3,0.0,10.0,1,50,0.6749404683005831,10.377327086148796,0.6452325896317723,0.6452325896317723,3.4320001478514555,0.04401555405858464,0.6692789849100603
5000,3,0.0,10.0,1,100,0.6749404683005831,10.377327086148796,0.6296769599370662,0.6296769599370662,3.408184337540297,0.06706296405294059,0.6715739699397745
5000,3,0.0,10.0,2,10,0.7043250568842707,9.485986571983513,0.28354223322321503,0.28354223322321503,1.5004907688231377,0.5974270254170376,0.8418202727321186
5000,3,0.0,10.0,2,30,0.7043250568842707,9.485986571983513,0.6203322557314329,0.6203322557314329,2.4461465905775674,0.1192528937198366,0.7421305025033279
5000,3,0.0,10.0,2,50,0.7043250568842707,9.485986571983513,0.7074817587956684,0.7074817587956684,3.6086308254751724,0.004481882165831286,0.6195829713555445
5000,3,0.0,10.0,2,100,0.7043250568842707,9.485986571983513,0.8898532757773074,0.8898532757773074,7.992448268899282,0.26341277664287516,0.1574468076410036
5000,3,0.01,2.0,0,10,0.7278048746693839,12.570758348270179,0.5213069878064978,0.5213069878064978,2.0765000730177285,0.283726990639752,0.8348150512889727
5000,3,0.01,2.0,0,30,0.7278048746693839,12.570758348270179,0.6532703608541165,0.6532703608541165,3.7411471321327876,0.10241002280882748,0.7023928844636811
5000,3,0.01,2.0,0,50,0.7278048746693839,12.570758348270179,0.5578587038338726,0.5578587038338726,3.0712166210529537,0.23350512857269867,0.7556856526897142
5000,3,0.01,2.0,0,100,0.7278048746693839,12.570758348270179,0.6925146384144327,0.6925146384144327,4.10011363029247,0.048488595615661836,0.6738372088063667
5000,3,0.01,2.0,1,10,0.6959390046794844,8.19052749199074,0.6421124422342089,0.6421124422342089,2.5160611084022615,0.0773437931820841,0.6928084166907883
5000,3,0.01,2.0,1,30,0.6959390046794844,8.19052749199074,1.0349093524215827,1.0349093524215827,5.897760177053615,0.48706904694645103,0.27992913975066314
5000,3,0.01,2.0,1,50,0.6959390046794844,8.19052749199074,0.43940279372766605,0.43940279372766605,2.403417746346066,0.3686188146186266,0.7065612991719651
5000,3,0.01,2.0,1,100,0.6959390046794844,8.19052749199074,0.7909498743757687,0.7909498743757687,6.896323890613061,0.13652183461112605,0.1580122406820854
5000,3,0.01,2.0,2,10,0.7275752487361427,11.991683623295147,0.46625782045824515,0.46625782045824515,1.9744725277587822,0.3591620643113233,0.8353465126512214
5000,3,0.01,2.0,2,30,0.7275752487361427,11.991683623295147,0.5070275517964823,0.5070275517964823,2.585327023853428,0.3031269924626623,0.7844066683988268
5000,3,0.01,2.0,2,50,0.7275752487361427,11.991683623295147,0.38991962011956616,0.38991962011956616,2.646593173355443,0.4640834459433739,0.7792976152060793
5000,3,0.01,2.0,2,100,0.7275752487361427,11.991683623295147,0.7355510145142345,0.7355510145142345,5.456944097765068,0.010962118065377356,0.5449392871602815
5000,3,0.01,5.0,0,10,1.1514945012448503,13.921170970329356,0.5623521072789475,0.5623521072789475,2.2805311158998625,0.5116328330955958,0.8361825222346286
5000,3,0.01,5.0,0,30,1.1514945012448503,13.921170970329356,0.5546776708729708,0.5546776708729708,2.6286433527025697,0.5182975947576619,0.8111765627830387
5000,3,0.01,5.0,0,50,1.1514945012448503,13.921170970329356,1.1648823642938264,1.1648823642938264,7.88666649809304,0.011626510621199524,0.43347678762784053
5000,3,0.01,5.0,0,100,1.1514945012448503,13.921170970329356,0.6220869801397556,0.6220869801397556,4.347850518258427,0.45975688162884515,0.6876806895393254
5000,3,0.01,5.0,1,10,1.1000620070210954,13.282787825099584,0.5451729932540669,0.5451729932540669,2.171884820152792,0.5044161240234412,0.8364887816660951
5000,3,0.01,5.0,1,30,1.1000620070210954,13.282787825099584,0.7129035239841449,0.7129035239841449,4.029084588220809,0.3519424183054493,0.6966687534820573
5000,3,0.01,5.0,1,50,1.1000620070210954,13.282787825099584,0.6098637437958342,0.6098637437958342,3.434549356248067,0.4456096657248348,0.7414285764801548
5000,3,0.01,5.0,1,100,1.1000620070210954,13.282787825099584,1.2709939342579448,1.2709939342579448,8.499958320448481,0.15538390213086561,0.360077234359892
5000,3,0.01,5.0,2,10,1.169644960173019,14.047324928197764,0.5623633899214306,0.5623633899214306,2.188849961370243,0.5192016303492272,0.8441802996258401
5000,3,0.01,5.0,2,30,1.169644960173019,14.047324928197764,1.463636063146183,1.463636063146183,7.15662690254806,0.2513507200763518,0.4905345367086744
5000,3,0.01,5.0,2,50,1.169644960173019,14.047324928197764,0.907747308371871,0.907747308371871,5.472068487037175,0.22391209360010147,0.6104547652305763
5000,3,0.01,5.0,2,100,1.169644960173019,14.047324928197764,1.3760394120111052,1.3760394120111052,11.498515029361881,0.17645906139548148,0.18144450362357273
5000,3,0.01,10.0,0,10,3.012040993380712,33.184170841399485,0.9187060899057201,0.9187060899057201,2.8319638468508233,0.6949888491143791,0.9146591951811628
5000,3,0.01,10.0,0,30,3.012040993380712,33.184170841399485,0.5661379468946911,0.5661379468946911,3.352112939975423,0.8120417523736095,0.8989845804496209
5000,3,0.01,10.0,0,50,3.012040993380712,33.184170841399485,0.5294567793641779,0.5294567793641779,2.626690011837643,0.8242199291019887,0.9208450913421447
5000,3,0.01,10.0,0,100,3.012040993380712,33.184170841399485,3.419329547909032,3.419329547909032,24.728221726265335,0.13522012330621694,0.25481875547074945
5000,3,0.01,10.0,1,10,3.05512119238724,33.62125804296652,0.39612015698639425,0.39612015698639425,1.9615649291075021,0.8703422443687512,0.9416570038336844
5000,3,0.01,10.0,1,30,3.05512119238724,33.62125804296652,0.6708112161301395,0.6708112161301395,3.703483521948335,0.7804305708717321,0.8898469677364409
5000,3,0.01,10.0,1,50,3.05512119238724,33.62125804296652,0.5802069842567861,0.5802069842567861,3.215053468023807,0.8100870807670257,0.9043743852798397
5000,3,0.01,10.0,1,100,3.05512119238724,33.62125804296652,3.124280409182416,3.124280409182416,23.528408465233234,0.02263714348468635,0.3001925021614318
5000,3,0.01,10.0,2,10,3.0106207049135034,32.90968384374054,0.5966234930380078,0.5966234930380078,1.9770356155804698,0.8018270810187798,0.9399254145081524
5000,3,0.01,10.0,2,30,3.0106207049135034,32.90968384374054,0.4482449926011317,0.4482449926011317,2.256217640605969,0.8511121006144777,0.9314421356546971
5000,3,0.01,10.0,2,50,3.0106207049135034,32.90968384374054,0.6430587271518825,0.6430587271518825,3.51916323877031,0.7864032735500774,0.8930660271463027
5000,3,0.01,10.0,2,100,3.0106207049135034,32.90968384374054,0.5228490066760443,0.5228490066760443,2.7749348804928755,0.8263318239249717,0.9156802935674305
5000,3,0.02,2.0,0,10,0.6966747062003946,7.519776239119451,0.4815457732314105,0.4815457732314105,1.7034761062901287,0.30879394795639886,0.7734671814530478
5000,3,0.02,2.0,0,30,0.6966747062003946,7.519776239119451,0.34879145107412424,0.34879145107412424,1.9738278310074704,0.49934819224828253,0.7375150844596673
5000,3,0.02,2.0,0,50,0.6966747062003946,7.519776239119451,0.9636997982087522,0.9636997982087522,6.5528083822516345,0.38328518264239847,0.1285899774301058
5000,3,0.02,2.0,0,100,0.6966747062003946,7.519776239119451,0.9074320403538899,0.9074320403538899,5.689683475113348,0.30251899814613353,0.2433706410684904
5000,3,0.02,2.0,1,10,0.7118330565326979,11.001515450812754,0.8463440183467764,0.8463440183467764,3.18688902269508,0.18896419684311158,0.7103227244515987
5000,3,0.02,2.0,1,30,0.7118330565326979,11.001515450812754,0.6277038533701094,0.6277038533701094,3.6097518786702847,0.1181867045798316,0.6718859420041438
5000,3,0.02,2.0,1,50,0.7118330565326979,11.001515450812754,0.5585209867722365,0.5585209867722365,2.828801140761229,0.21537644023900293,0.7428716840503781
5000,3,0.02,2.0,1,100,0.7118330565326979,11.001515450812754,0.6264420484798746,0.6264420484798746,3.055470778185369,0.1199593180861233,0.7222681918826336
5000,3,0.02,2.0,2,10,0.65806351816426,9.25657713996702,0.5742547971728775,0.5742547971728775,1.9347506505739394,0.1273565828799871,0.7909863849975076
5000,3,0.02,2.0,2,30,0.65806351816426,9.25657713996702,0.7244032121294646,0.7244032121294646,2.7661620313133213,0.1008104721414528,0.701167938268467
5000,3,0.02,2.0,2,50,0.65806351816426,9.25657713996702,0.517462376677835,0.517462376677835,2.6839391371215053,0.21365892137380177,0.7100505838672168
5000,3,0.02,2.0,2,100,0.65806351816426,9.25657713996702,0.5411017399715685,0.5411017399715685,3.5344132037488296,0.17773630502868346,0.6181727705278516
5000,3,0.02,5.0,0,10,1.324498034040619,12.321985384365552,1.547003948230754,1.547003948230754,5.369581690030549,0.1679926345464937,0.5642275556629364
5000,3,0.02,5.0,0,30,1.324498034040619,12.321985384365552,1.5825042335301975,1.5825042335301975,9.109021341456927,0.19479545673804013,0.26075051565840324
5000,3,0.02,5.0,0,50,1.324498034040619,12.321985384365552,0.5738200097450108,0.5738200097450108,4.0920013020950465,0.5667641665012746,0.6679105538229998
5000,3,0.02,5.0,0,100,1.324498034040619,12.321985384365552,1.0743352064770244,1.0743352064770244,8.992134437822049,0.1888736873398203,0.27023656031669235
5000,3,0.02,5.0,1,10,1.3258723349377788,12.187571001132723,0.5391847459758364,0.5391847459758364,1.9268010923066676,0.5933358500906201,0.841904421141211
5000,3,0.02,5.0,1,30,1.3258723349377788,12.187571001132723,1.6000292076191431,1.6000292076191431,9.254434547111519,0.2067747138673273,0.24066620442650927
5000,3,0.02,5.0,1,50,1.3258723349377788,12.187571001132723,1.3409012091285033,1.3409012091285033,9.148298578594465,0.01133508392527837,0.24937474598144166
5000,3,0.02,5.0,1,100,1.3258723349377788,12.187571001132723,0.5749063589121497,0.5749063589121497,3.911621106520976,0.5663938798910612,0.6790483430900689
5000,3,0.02,5.0,2,10,1.3582145587406718,12.411829353085658,0.7321091722056084,0.7321091722056084,2.922004323589149,0.4609767893487936,0.7645790769059582
5000,3,0.02,5.0,2,30,1.3582145587406718,12.411829353085658,1.5754865850856277,1.5754865850856277,6.201884202796479,0.15996885392423507,0.5003247284209034
5000,3,0.02,5.0,2,50,1.3582145587406718,12.411829353085658,0.5995151214968814,0.5995151214968814,3.016372727775865,0.5586005777667793,0.7569759749374917
5000,3,0.02,5.0,2,100,1.3582145587406718,12.411829353085658,1.3305909846766162,1.3305909846766162,10.216057260218758,0.02033815194093339,0.17690962632522958
5000,3,0.02,10.0,0,10,3.273305510801266,25.581420388004364,2.7082411890218543,2.7082411890218543,8.706563127288822,0.17262804217779557,0.6596528654299626
5000,3,0.02,10.0,0,30,3.273305510801266,25.581420388004364,0.6530795677019866,0.6530795677019866,3.1896518296548506,0.800483161273229,0.8753137323387039
5000,3,0.02,10.0,0,50,3.273305510801266,25.581420388004364,0.5639079107810471,0.5639079107810471,2.7944617590987364,0.8277252432074362,0.8907620563395645
5000,3,0.02,10.0,0,100,3.273305510801266,25.581420388004364,3.2746017432426493,3.2746017432426493,20.233242385480832,0.0003960010567623845,0.20906493546509244
5000,3,0.02,10.0,1,10,3.270192893939796,25.42383972037984,0.7277325593967577,0.7277325593967577,2.3157889302425616,0.77746494381253,0.9089126994304398
5000,3,0.02,10.0,1,30,3.270192893939796,25.42383972037984,2.900534276887758,2.900534276887758,11.895017218440096,0.11303878059825652,0.5321313637410556
5000,3,0.02,10.0,1,50,3.270192893939796,25.42383972037984,2.9529377292137045,2.9529377292137045,20.965789447213137,0.09701420528251332,0.17534921247922725
5000,3,0.02,10.0,1,100,3.270192893939796,25.42383972037984,2.7779957276795963,2.7779957276795963,27.863242409704792,0.15051013265068305,0.09594942054993842
5000,3,0.02,10.0,2,10,3.2584141459449203,25.386482551776233,0.8732880538156683,0.8732880538156683,3.2744448853134696,0.7319898531307105,0.8710162040513026
5000,3,0.02,10.0,2,30,3.2584141459449203,25.386482551776233,0.6427878334817368,0.6427878334817368,2.932246072890961,0.8027298542508223,0.8844957718380012
5000,3,0.02,10.0,2,50,3.2584141459449203,25.386482551776233,0.683691035444518,0.683691035444518,3.994626075656127,0.7901767532235373,0.8426475165470833
5000,3,0.02,10.0,2,100,3.2584141459449203,25.386482551776233,3.5161373014297843,3.5161373014297843,25.74363117324136,0.07909465891731386,0.014068456342335613
5000,3,0.05,2.0,0,10,0.6808824421638225,9.063293680601529,0.4778548798169866,0.4778548798169866,1.9688452180207023,0.29818298985889674,0.7827671388123848
5000,3,0.05,2.0,0,30,0.6808824421638225,9.063293680601529,0.8328058819168268,0.8328058819168268,4.026712191840426,0.22312726888682347,0.5557120475463646
5000,3,0.05,2.0,0,50,0.6808824421638225,9.063293680601529,0.9840363798244556,0.9840363798244556,7.179285032892536,0.4452368263414453,0.20787240423880335
5000,3,0.05,2.0,0,100,0.6808824421638225,9.063293680601529,0.7985169146822303,0.7985169146822303,6.223572850234812,0.1727676691802614,0.3133210652154709
5000,3,0.05,2.0,1,10,0.6814735797847691,8.168079323694936,1.031936890385845,1.031936890385845,3.462699279593962,0.5142727774006489,0.576069337432981
5000,3,0.05,2.0,1,30,0.6814735797847691,8.168079323694936,0.37997005061819805,0.37997005061819805,1.7502096390295545,0.4424287868383619,0.7857256804604801
5000,3,0.05,2.0,1,50,0.6814735797847691,8.168079323694936,1.0114830613368058,1.0114830613368058,5.389209314201372,0.4842586585033335,0.34021094793145407
5000,3,0.05,2.0,1,100,0.6814735797847691,8.168079323694936,0.8561166863095021,0.8561166863095021,5.614895340298823,0.2562727473307048,0.31258070376343355
5000,3,0.05,2.0,2,10,0.6730762768779296,7.51328610662532,0.4535466141269309,0.4535466141269309,1.690092607213911,0.3261586692213979,0.7750528086873247
5000,3,0.05,2.0,2,30,0.6730762768779296,7.51328610662532,0.703271169715587,0.703271169715587,3.7380791436138416,0.044861026714114335,0.5024708109654508
5000,3,0.05,2.0,2,50,0.6730762768779296,7.51328610662532,0.49602268479752276,0.49602268479752276,2.977158452687941,0.26305130363778606,0.6037474933820713
5000,3,0.05,2.0,2,100,0.6730762768779296,7.51328610662532,0.7094346286991458,0.7094346286991458,5.963447124056954,0.054018174566877776,0.20627977699420977
5000,3,0.05,5.0,0,10,1.5610511723927194,9.482297366454727,0.27617881037333425,0.27617881037333425,1.274553895324503,0.8230815137533141,0.8655859602301169
5000,3,0.05,5.0,0,30,1.5610511723927194,9.482297366454727,1.002401624069791,1.002401624069791,5.232313365002274,0.3578675434877972,0.44820193221186133
5000,3,0.05,5.0,0,50,1.5610511723927194,9.482297366454727,1.3351337560414622,1.3351337560414622,9.492684216349728,0.14472133927869874,0.0010953938158221376
5000,3,0.05,5.0,0,100,1.5610511723927194,9.482297366454727,1.5073461692401249,1.5073461692401249,8.98298660703658,0.03440310228285313,0.0526571504901909
5000,3,0.05,5.0,1,10,1.5983515327881193,10.05179141412876,1.8344373406406387,1.8344373406406387,6.141187860307467,0.147705810023342,0.3890454340630828
5000,3,0.05,5.0,1,30,1.5983515327881193,10.05179141412876,1.7377804396445022,1.7377804396445022,6.623738637032625,0.08723294218836024,0.34103898856055415
5000,3,0.05,5.0,1,50,1.5983515327881193,10.05179141412876,1.6810686567621322,1.6810686567621322,8.979927589295002,0.05175152166289951,0.10663410935160768
5000,3,0.05,5.0,1,100,1.5983515327881193,10.05179141412876,1.6206137082653018,1.6206137082653018,8.359213315290882,0.013928209796470152,0.1683857164464034
5000,3,0.05,5.0,2,10,1.564054233622819,9.903368559014538,0.9913488971892674,0.9913488971892674,3.6775769566980494,0.3661671853328219,0.6286539337819014
5000,3,0.05,5.0,2,30,1.564054233622819,9.903368559014538,1.5720974716485494,1.5720974716485494,7.201800588196048,0.005142556986083487,0.27279283354141043
5000,3,0.05,5.0,2,50,1.564054233622819,9.903368559014538,1.5404093031158619,1.5404093031158619,9.83868605290067,0.015117717786670534,0.006531364124077889
5000,3,0.05,5.0,2,100,1.564054233622819,9.903368559014538,1.5502753095570612,1.5502753095570612,9.319849535534052,0.008809748261632614,0.058921267041943816
5000,3,0.05,10.0,0,10,3.0064614329892705,15.45576789854595,0.5904729425599532,0.5904729425599532,2.1625206413069913,0.8035986970992485,0.8600832611163606
5000,3,0.05,10.0,0,30,3.0064614329892705,15.45576789854595,3.5023625541177044,3.5023625541177044,19.520506340712398,0.16494511311105306,0.262991684971463
5000,3,0.05,10.0,0,50,3.0064614329892705,15.45576789854595,3.5713788026363935,3.5713788026363935,25.639317171588193,0.18790108645612522,0.658883423967585
5000,3,0.05,10.0,0,100,3.0064614329892705,15.45576789854595,3.3075701266413184,3.3075701266413184,17.66551127145968,0.10015385208273268,0.14297208572351922
5000,3,0.05,10.0,1,10,2.975958669383625,15.516826552718598,1.865979370880517,1.865979370880517,4.8344422505179585,0.37298209478594835,0.6884387259151937
5000,3,0.05,10.0,1,30,2.975958669383625,15.516826552718598,0.6041893368408806,0.6041893368408806,2.6599053075363557,0.7969765699178815,0.8285792975451973
5000,3,0.05,10.0,1,50,2.975958669383625,15.516826552718598,2.472153234802089,2.472153234802089,8.534543906976591,0.16929181166547694,0.4499813555316624
5000,3,0.05,10.0,1,100,2.975958669383625,15.516826552718598,3.0766829872569,3.0766829872569,15.570564609286432,0.03384600697231361,0.003463211784011271
5000,3,0.05,10.0,2,10,2.994754765488841,15.286751648815459,2.5773709951643204,2.5773709951643204,8.331325660024591,0.13937160235435508,0.4549969901113577
5000,3,0.05,10.0,2,30,2.994754765488841,15.286751648815459,3.3674221634667822,3.3674221634667822,18.791073544457483,0.12444003838728669,0.2292391461670385
5000,3,0.05,10.0,2,50,2.994754765488841,15.286751648815459,3.1396956048941993,3.1396956048941993,16.347005525829907,0.048398233162740834,0.06935769621773145
5000,3,0.05,10.0,2,100,2.994754765488841,15.286751648815459,2.901503125658364,2.901503125658364,13.20648271676369,0.031138322544836262,0.13608312477641157
5000,3,0.1,2.0,0,10,0.6452892873409604,7.975916618900835,0.4783083161254556,0.4783083161254556,1.7601203491338522,0.2587691667772484,0.7793206181515454
5000,3,0.1,2.0,0,30,0.6452892873409604,7.975916618900835,1.0408948144906793,1.0408948144906793,5.939560358182222,0.6130669374349732,0.2553131330251099
5000,3,0.1,2.0,0,50,0.6452892873409604,7.975916618900835,0.7153543890609316,0.7153543890609316,4.831465967784016,0.10857936602153757,0.3942431699530677
5000,3,0.1,2.0,0,100,0.6452892873409604,7.975916618900835,0.5856492801190691,0.5856492801190691,3.852439363590717,0.0924236747639953,0.5169910183788226
5000,3,0.1,2.0,1,10,0.6342794906340355,7.439749972949388,0.42513950422667424,0.42513950422667424,1.6565836011981476,0.32972843911175775,0.7773334309323009
5000,3,0.1,2.0,1,30,0.6342794906340355,7.439749972949388,0.7584083706244378,0.7584083706244378,3.5432972078207596,0.19570060489630697,0.5237343700118906
5000,3,0.1,2.0,1,50,0.6342794906340355,7.439749972949388,0.5882943829234086,0.5882943829234086,3.923701865996543,0.07249975506012261,0.4726029933448093
5000,3,0.1,2.0,1,100,0.6342794906340355,7.439749972949388,0.6478396553764364,0.6478396553764364,3.4740224673448976,0.02137884787800075,0.5330458039616527
5000,3,0.1,2.0,2,10,0.6753511690743486,10.273263459798766,0.9204595922428734,0.9204595922428734,3.414005471348814,0.36293477288930437,0.6676805296867478
5000,3,0.1,2.0,2,30,0.6753511690743486,10.273263459798766,0.9154990394294609,0.9154990394294609,4.689717287537621,0.3555896270739627,0.5435026750857332
5000,3,0.1,2.0,2,50,0.6753511690743486,10.273263459798766,0.6151100371705834,0.6151100371705834,3.5620211104229753,0.08919971514424557,0.6532726796736167
5000,3,0.1,2.0,2,100,0.6753511690743486,10.273263459798766,0.6532260119626696,0.6532260119626696,3.949364314686604,0.03276096662719069,0.6155686720056175
5000,3,0.1,5.0,0,10,1.5642034237759075,7.461215325213151,1.4343997212044535,1.4343997212044535,4.4603228249092375,0.08298390132538802,0.4021988871120248
5000,3,0.1,5.0,0,30,1.5642034237759075,7.461215325213151,1.421017566208099,1.421017566208099,4.804953301813536,0.09153915366210173,0.3560092970944691
5000,3,0.1,5.0,0,50,1.5642034237759075,7.461215325213151,1.5237158594413645,1.5237158594413645,8.241588425026444,0.025883822857776462,0.10459061504045254
5000,3,0.1,5.0,0,100,1.5642034237759075,7.461215325213151,1.4881573093107523,1.4881573093107523,7.102967072267877,0.048616511963376054,0.048014731827222774
5000,3,0.1,5.0,1,10,1.6069129255861263,7.627573339463385,1.6019994249653189,1.6019994249653189,5.3853272631816385,0.00305772673962107,0.2939658494898842
5000,3,0.1,5.0,1,30,1.6069129255861263,7.627573339463385,1.3898943240088244,1.3898943240088244,6.9748195126717984,0.13505311838732253,0.08557817771667724
5000,3,0.1,5.0,1,50,1.6069129255861263,7.627573339463385,1.671868463639131,1.671868463639131,7.176029548709267,0.040422562429331364,0.05919887894331085
5000,3,0.1,5.0,1,100,1.6069129255861263,7.627573339463385,1.6068361314442086,1.6068361314442086,7.0312938697137985,4.77898588622875e-05,0.078174203408123
5000,3,0.1,5.0,2,10,1.5835535573326203,7.463665704236842,1.4476121857911293,1.4476121857911293,3.992086809554759,0.08584576815354086,0.46513054472836296
5000,3,0.1,5.0,2,30,1.5835535573326203,7.463665704236842,1.3303834404322754,1.3303834404322754,5.950363179816605,0.15987467915312656,0.20275593580794923
5000,3,0.1,5.0,2,50,1.5835535573326203,7.463665704236842,1.5352173192008667,1.5352173192008667,6.399520838816837,0.030523904864431885,0.1425767052798104
5000,3,0.1,5.0,2,100,1.5835535573326203,7.463665704236842,1.5242135626006097,1.5242135626006097,6.263946131188298,0.03747267937812248,0.16074133282356257
5000,3,0.1,10.0,0,10,2.4387528204411435,9.085143647908605,2.4948439445892174,2.4948439445892174,8.091846777941257,0.02299992179524273,0.10933199390809908
5000,3,0.1,10.0,0,30,2.4387528204411435,9.085143647908605,2.915759993205044,2.915759993205044,11.75071392055987,0.19559471905710196,0.2933988031399896
5000,3,0.1,10.0,0,50,2.4387528204411435,9.085143647908605,2.5966589825412827,2.5966589825412827,10.05290104769946,0.0647487358196374,0.1065208693770772
5000,3,0.1,10.0,0,100,2.4387528204411435,9.085143647908605,2.87477173536221,2.87477173536221,12.712584793765574,0.17878766198297852,0.3992717436770527
5000,3,0.1,10.0,1,10,2.44827057345472,9.074192457210252,2.5574580016940276,2.5574580016940276,8.27277127283829,0.044597778294265346,0.0883187333915496
5000,3,0.1,10.0,1,30,2.44827057345472,9.074192457210252,2.8226323203534207,2.8226323203534207,11.514773613932388,0.15290864945962407,0.26895849611200134
5000,3,0.1,10.0,1,50,2.44827057345472,9.074192457210252,1.928707085119888,1.928707085119888,5.293328908504253,0.21221653111718097,0.41666115927503466
5000,3,0.1,10.0,1,100,2.44827057345472,9.074192457210252,2.6116704497756533,2.6116704497756533,10.382359164936588,0.06674093872327272,0.14416342984734487
5000,3,0.1,10.0,2,10,2.4335609917695766,9.037567396165114,2.6348915650594393,2.6348915650594393,8.495287552615316,0.08273085160831088,0.06000285472614034
5000,3,0.1,10.0,2,30,2.4335609917695766,9.037567396165114,3.3369898525624087,3.3369898525624087,18.62983996414979,0.37123740224644997,1.0613777079056628
5000,3,0.1,10.0,2,50,2.4335609917695766,9.037567396165114,3.1149127247485624,3.1149127247485624,16.443382501517018,0.2799813669282796,0.819447842623491
5000,3,0.1,10.0,2,100,2.4335609917695766,9.037567396165114,2.870961835634944,2.870961835634944,12.848046367150564,0.1797369555744353,0.42162661742388113
5000,3,0.2,2.0,0,10,0.6519470284472162,8.754530513444111,0.38190087998294675,0.38190087998294675,1.5164378157474119,0.4142148620685573,0.8267825083916658
5000,3,0.2,2.0,0,30,0.6519470284472162,8.754530513444111,0.47883145350829875,0.47883145350829875,2.509008388141947,0.26553625890624555,0.7134045755750207
5000,3,0.2,2.0,0,50,0.6519470284472162,8.754530513444111,0.5120869899156126,0.5120869899156126,3.0040512050543633,0.2145266907109265,0.6568575321725
5000,3,0.2,2.0,0,100,0.6519470284472162,8.754530513444111,0.5656983605751168,0.5656983605751168,4.137601340486298,0.13229398111917673,0.5273759873093951
5000,3,0.2,2.0,1,10,0.6299048125270215,10.880578863376364,0.459702533077731,0.459702533077731,1.6149171946056011,0.27020317366124136,0.8515780074862236
5000,3,0.2,2.0,1,30,0.6299048125270215,10.880578863376364,0.4545935635427219,0.4545935635427219,2.1663768424868564,0.2783138745693884,0.8008950746380964
5000,3,0.2,2.0,1,50,0.6299048125270215,10.880578863376364,0.7380629441301766,0.7380629441301766,4.082041110727276,0.17170551717052548,0.6248323584632727
5000,3,0.2,2.0,1,100,0.6299048125270215,10.880578863376364,0.4982632340962161,0.4982632340962161,3.163598115470618,0.20898646241912663,0.7092435838943114
5000,3,0.2,2.0,2,10,0.6870579308218044,13.544762416249597,0.8753787904432817,0.8753787904432817,3.358430824010559,0.2740974977120528,0.7520494844574414
5000,3,0.2,2.0,2,30,0.6870579308218044,13.544762416249597,0.5130354853059809,0.5130354853059809,2.574561236419056,0.25328642274410784,0.8099220084266399
5000,3,0.2,2.0,2,50,0.6870579308218044,13.544762416249597,0.6686173932962416,0.6686173932962416,3.5868018200382132,0.02683985832680184,0.7351890192082556
5000,3,0.2,2.0,2,100,0.6870579308218044,13.544762416249597,0.7167356610656549,0.7167356610656549,4.831468229959571,0.043195382678069515,0.6432961995580463
5000,3,0.2,5.0,0,10,1.3838458656873216,5.062593836717688,1.3918377604992447,1.3918377604992447,3.9083720115524896,0.005775133640301559,0.22799020865429195
5000,3,0.2,5.0,0,30,1.3838458656873216,5.062593836717688,1.4196627604325678,1.4196627604325678,4.767426645195208,0.025882141670060078,0.058303549730122195
5000,3,0.2,5.0,0,50,1.3838458656873216,5.062593836717688,1.1641993730779903,1.1641993730779903,3.141014523116385,0.15872178980007895,0.3795641869716238
5000,3,0.2,5.0,0,100,1.3838458656873216,5.062593836717688,1.30434341773778,1.30434341773778,3.8393403884707715,0.05745036345507653,0.24162583207346683
5000,3,0.2,5.0,1,10,1.398083832516939,5.098880683600188,1.9131373827769627,1.9131373827769627,6.402855602995068,0.36839961830671086,0.25573748442259614
5000,3,0.2,5.0,1,30,1.398083832516939,5.098880683600188,1.6678304777598858,1.6678304777598858,5.711068462647677,0.1929402507697468,0.1200631701417336
5000,3,0.2,5.0,1,50,1.398083832516939,5.098880683600188,1.4747157933442339,1.4747157933442339,4.626402901400007,0.05481213575679232,0.09266303950195147
5000,3,0.2,5.0,1,100,1.398083832516939,5.098880683600188,1.434718296786602,1.434718296786602,4.7551913048622,0.026203338753807624,0.06740486786510129
5000,3,0.2,5.0,2,10,1.3909424378180453,5.143704401559593,1.2906777327182413,1.2906777327182413,3.070997206198233,0.07208400748566421,0.40296001355227695
5000,3,0.2,5.0,2,30,1.3909424378180453,5.143704401559593,1.4466345883267002,1.4466345883267002,4.729316636772855,0.04003914827418635,0.08056212652132465
5000,3,0.2,5.0,2,50,1.3909424378180453,5.143704401559593,1.3929190633349402,1.3929190633349402,4.737342622201632,0.001421069242804637,0.07900177530317454
5000,3,0.2,5.0,2,100,1.3909424378180453,5.143704401559593,1.3141878921500636,1.3141878921500636,4.16444934520687,0.05518168371394694,0.19037934140535162
5000,3,0.2,10.0,0,10,1.7911999033758386,5.04722867967325,2.737679189296246,2.737679189296246,8.789910900219786,0.5284051680309926,0.7415321274463894
5000,3,0.2,10.0,0,30,1.7911999033758386,5.04722867967325,1.998996172804582,1.998996172804582,5.81972498908567,0.11600953586314623,0.15305355838611037
5000,3,0.2,10.0,0,50,1.7911999033758386,5.04722867967325,2.173783319042281,2.173783319042281,7.044684211921026,0.21359057408689838,0.3957529287888514
5000,3,0.2,10.0,0,100,1.7911999033758386,5.04722867967325,1.5171998987819015,1.5171998987819015,3.8623040091894616,0.15297008674326898,0.23476738338721329
5000,3,0.2,10.0,1,10,1.7925498435757545,5.031734118828527,2.581894366994077,2.581894366994077,8.346146956352515,0.44034732213847316,0.6587019026147668
5000,3,0.2,10.0,1,30,1.7925498435757545,5.031734118828527,2.026403940195078,2.026403940195078,5.647184302335953,0.13045890883169775,0.12231373299404649
5000,3,0.2,10.0,1,50,1.7925498435757545,5.031734118828527,1.379203799394162,1.379203799394162,3.200210198464045,0.23059110220168574,0.3639945746558826
5000,3,0.2,10.0,1,100,1.7925498435757545,5.031734118828527,1.9518047000189942,1.9518047000189942,5.717112697602995,0.08884263777321817,0.13621120722770547
5000,3,0.2,10.0,2,10,1.799646793110485,5.033057676968276,0.31755911048187885,0.31755911048187885,1.5995101483322551,0.8235436466213384,0.682199122086012
5000,3,0.2,10.0,2,30,1.799646793110485,5.033057676968276,1.6775331292462785,1.6775331292462785,4.3335084548384515,0.06785423913830715,0.1389909011635263
5000,3,0.2,10.0,2,50,1.799646793110485,5.033057676968276,2.3362683643482716,2.3362683643482716,7.672163879126373,0.29818160613077704,0.5243544524106853
5000,3,0.2,10.0,2,100,1.799646793110485,5.033057676968276,2.0438217327192825,2.0438217327192825,6.241779208495585,0.13567936805353284,0.24015650308529687
